member_id,member_name,phone_number,user_name,password,violation_count,permission_status
b69410286,Micah Yakunin,0961882401,myakunin0,wF7%(7)>Snn,3,Permitted
b94795771,Nettle Cato,0928842044,ncato1,"yV0""YsF`jnnJ`O",3,Permitted
b81402685,Westbrook Crebo,0923242721,wcrebo2,"nV8)""nSTy.ak",2,Permitted
b84865982,Dane Oakhill,0916217564,doakhill3,fZ1&3Mdd$K?,2,Permitted
b68312213,Iolanthe Oldland,0988221841,ioldland4,"rD6<(s>$a(""`K",2,Permitted
b09294091,Lief Keemer,0948913993,lkeemer5,eW9/gS&qgVzX*c,1,Permitted
b81795472,Blaire Gusney,0969235365,bgusney6,gH5}lz+L|~?5{R,1,Permitted
b65923036,Somerset Spires,0938861068,sspires7,pQ1>OXkU38`Y,1,Permitted
b50809533,Sallyanne Connah,0913185917,sconnah8,jK3%kJoaya,3,Permitted
b89766969,Ellynn Redparth,0924690858,eredparth9,"vS5<Nzp""Jn",2,Permitted
b82982114,Sher Kibblewhite,0907742578,skibblewhitea,mD8%$._b(}`fOEd,1,Permitted
b74101441,Elisa Laverty,0938356034,elavertyb,eH6%WC'EW}Z!Kp,1,Permitted
b72176783,Dyna Rothera,0987475646,drotherac,kM6=TjO@5XGY#,3,Permitted
b02658750,Blaine Toppes,0905548495,btoppesd,nV0\'QXwdqAA3,3,Permitted
b93516525,Tammy Fillgate,0998498034,tfillgatee,"fX8?k&,F`v",1,Permitted
b93798134,Nada Thominga,0906503366,nthomingaf,oP1*<.5OF9,1,Permitted
b64838281,Hoyt Hazeldene,0941517056,hhazeldeneg,kW8).{Z9w1c)z5RY,3,Permitted
b27927119,Beilul Dimsdale,0957023108,bdimsdaleh,lD2@zl~a,2,Permitted
b13752456,Virgie Towl,0935598349,vtowli,"yO0'b9JlVaS+3'""",3,Permitted
b10488056,Dorothee Ruzek,0955174502,druzekj,uW5%J`Un%,2,Permitted
b79579692,Katharine Inkle,0959677864,kinklek,uB2$$c=v7HyZ&D,3,Permitted
b88118911,Lamont Verralls,0963522521,lverrallsl,cO7?Kg38nmz`%NL,2,Permitted
b46585960,Siffre Leijs,0939131284,sleijsm,yU9=nh}ci71<~r'F,1,Permitted
b87500802,Jillian Tocqueville,0943880041,jtocquevillen,jE8|GQw*Zkq(x%,1,Permitted
b89955315,Reina Mason,0992577179,rmasono,jE5@3~&cN5*/,2,Permitted
b79904053,Biddie Aiers,0927171884,baiersp,pZ9/@Em`,1,Permitted
b88409458,Gordan Stanier,0996181531,gstanierq,"sV3""@&$&0E",3,Permitted
b12997834,Cleavland Edland,0964210424,cedlandr,vS6\'*KS,2,Permitted
b76675206,Erena Sermin,0988232640,esermins,fI4'1Q+xnH*hGITk,3,Permitted
b16967217,Marcelo McAnulty,0963823540,mmcanultyt,"wJ2,|\mO=7l0y",1,Permitted
b77718072,Leigh Paybody,0901645251,lpaybodyu,"pU7""7$s|HmVu%Rd",1,Permitted
b54508641,Alfy Stroband,0973324919,astrobandv,gO8=jY7+7qJq_`LS,2,Permitted
b77444031,Dallas Quodling,0978733471,dquodlingw,cZ6//y\<y<,1,Permitted
b81127483,Cybil Lardge,0907923010,clardgex,bP0$%Ja$F6q{CO,3,Permitted
b66473901,Jenine Erie,0991373483,jeriey,dO0'N6V$=g?@|,3,Permitted
b62256597,Calla Teggin,0942046838,ctegginz,"fN0,g|ec",1,Permitted
b86808599,Rivalee Prydden,0982531551,rprydden10,cC0}Z5diOazj1',1,Permitted
b32943596,Garret Durbyn,0969958368,gdurbyn11,yS7'<dw%h,1,Permitted
b28683134,Webster Slainey,0926854140,wslainey12,iC9)DjOv9*9Ev5B,2,Permitted
b46349333,Geraldine Grote,0926436966,ggrote13,bS3~@jG4X,3,Permitted
b44469263,Kristoffer Bathow,0925163223,kbathow14,yK0!p%1J@?~Pn,3,Permitted
b10673081,Nita Allett,0977161693,nallett15,rG4#G2BhLIRnn}5x,3,Permitted
b47717281,Malena Twoohy,0919297950,mtwoohy16,sB3#Zjib{,3,Permitted
b64292752,Cordey Rosewall,0916861380,crosewall17,sG9<5knYJ,3,Permitted
b03647857,Sondra Byers,0909508362,sbyers18,zZ9=y.PwvxP#?i,3,Permitted
b49117635,Antonetta Matic,0942541493,amatic19,"xM6<%>f+""u",1,Permitted
b90166470,Orv Vlasyev,0918891489,ovlasyev1a,yJ3%pA($3n/,2,Permitted
b43401366,Hillard Raffeorty,0914354082,hraffeorty1b,rJ9**Oa<`,3,Permitted
b38479107,Prue Skones,0943279956,pskones1c,mH2}QUN$.|,2,Permitted
b14112506,Ned Lasty,0954194914,nlasty1d,lB0&*nF\,1,Permitted
b82664252,Dur Toll,0914359446,dtoll1e,mE9`nD~ZI0WwJy},2,Permitted
b57129627,Elijah Peyzer,0995695149,epeyzer1f,dN7!(%51TTIe,1,Permitted
b30709021,Ludovico Spanton,0994683324,lspanton1g,zD9!MDdSaJ~)b#xV,3,Permitted
b61791828,Goldia Drees,0977508718,gdrees1h,nY6@Fd}3IcW@,3,Permitted
b13567356,Verina Pfeffer,0987420384,vpfeffer1i,lH6$pIOgQ3SmY|X*,1,Permitted
b57155030,Ibby Penhall,0923174453,ipenhall1j,dV0(hUz@~{aTj,2,Permitted
b98158005,Abagail Janz,0908881696,ajanz1k,"qG6!(XVD,",2,Permitted
b70119270,Maisey Cressy,0908376993,mcressy1l,jY7#sB7y,1,Permitted
b48711467,Gustaf Learmond,0995723530,glearmond1m,wA4\%Os2,1,Permitted
b25478137,Jobina Prichard,0968673922,jprichard1n,iM9_{BvI,3,Permitted
b53292923,Brena Tiffney,0961663498,btiffney1o,wK6=7=%i0_yiE@?s,3,Permitted
b47730822,Lukas Saladino,0968384268,lsaladino1p,uN6?O4$`sS,3,Permitted
b58878989,Kalle Pendrill,0935105924,kpendrill1q,bB4}{pc$b+bM3po,1,Permitted
b36101894,Jacobo Lukesch,0976148027,jlukesch1r,gF7{~a/Xy,3,Permitted
b18980962,Johnette De Cristoforo,0981372529,jde1s,"fM5,'p'Q",3,Permitted
b51771095,Pennie Salt,0922316218,psalt1t,zD8?k4Y\SRNSa+\,2,Permitted
b62997101,Jeddy Coltart,0914448788,jcoltart1u,"pZ6,>|vi9w*YBEl",1,Permitted
b40804685,Yvon Drury,0929504104,ydrury1v,"lF6#OB0""4\",3,Permitted
b56439742,Lefty Tibols,0946469800,ltibols1w,"bF6/D,z2MM8!a=}l",2,Permitted
b91296701,Sidonnie Piser,0901531590,spiser1x,"zK2/$iX+JH,uM$",1,Permitted
b12395348,Nerti Walch,0999178378,nwalch1y,bC1!1Frd,1,Permitted
b68174155,Josi Talby,0901792015,jtalby1z,rA0%$M{OvJb4,1,Permitted
b92679613,Rufus Schiersch,0988680654,rschiersch20,nF7&3Dd3,1,Permitted
b52692137,Gusty Haggett,0982952622,ghaggett21,hP0@RHVA,3,Permitted
b58174839,Quill Speck,0916973142,qspeck22,dL8~Rgwp\,1,Permitted
b74407264,Forster Puttan,0911423344,fputtan23,zL2{BMG8|,2,Permitted
b63367190,Annetta McCue,0909571425,amccue24,pJ3)Z&sb,1,Permitted
b69454785,Seka Schule,0956954204,sschule25,bN5%WldFY,1,Permitted
b68209806,Louella Doche,0947349136,ldoche26,xH4>4Xn&,1,Permitted
b43124711,Earvin Hemms,0977048181,ehemms27,kO0/+js>e4Ug|,2,Permitted
b27119713,Theodore Lightbody,0926293023,tlightbody28,"rL5>v@jhkZ,.C(6",2,Permitted
b83420220,Teodorico Studman,0978018641,tstudman29,fR4?HWpiX0T@&ENb,3,Permitted
b56700729,Louisette Stucksbury,0979167771,lstucksbury2a,zQ8\4'Kaf,2,Permitted
b29980076,Albertine Vella,0958298554,avella2b,pB5(77%5Z,1,Permitted
b85582768,Art Ellsworthe,0969688017,aellsworthe2c,rR1@i+S|bg%H,2,Permitted
b21366829,Marcela Dono,0924983311,mdono2d,"tZ6,rx>`",1,Permitted
b14570699,Jourdan Abberley,0956644097,jabberley2e,iF5(6>!b_4.vc,1,Permitted
b06719585,Meredith Campelli,0965074278,mcampelli2f,"lC4,CyCnFR|0V",1,Permitted
b82572217,Aylmer Hame,0912800676,ahame2g,xF6}K0s*fF,2,Permitted
b37224362,Alano Lennard,0949960764,alennard2h,nJ3)bjtHNY}U,2,Permitted
b07167467,Gwen Norsworthy,0968100517,gnorsworthy2i,"fP5!""6Cs?",1,Permitted
b87248408,Tonya Emmott,0923128691,temmott2j,"hK0@(Rqx,/HYI",2,Permitted
b06256649,Mehetabel Ropkes,0967226532,mropkes2k,"bN0(mOne""4",3,Permitted
b83594721,Edlin Deneve,0953428257,edeneve2l,"sK1#,,xSeW6SXt",1,Permitted
b24734901,Delano Bradnock,0915943772,dbradnock2m,jL5'vS4<96twHz@,2,Permitted
b03545242,Beckie Bescoby,0996133015,bbescoby2n,mG7$8($N'/Mcp{,1,Permitted
b13777390,Ernestine Pepye,0928509662,epepye2o,"vQ0""8I.Zmf=S",1,Permitted
b46916945,Lalo Wymer,0924750083,lwymer2p,"yN2""R4mIl\KUUM",2,Permitted
b14180145,Brynna Seyfart,0946981882,bseyfart2q,qZ4>&I+HVc%5}r,3,Permitted
b02716888,Agneta Sussems,0904223120,asussems2r,"yH3\T""J1F",3,Permitted
b36802607,Sylvia Bouttell,0912076793,sbouttell2s,yE0<*SWF?q=0<O,3,Permitted
b01671250,Kaine Middlebrook,0965060408,kmiddlebrook2t,sU6?&FYim$<3?tE,1,Permitted
b72596937,Ambrose Mc Meekan,0979624617,amc2u,pY9>%SJ8e2q}t,3,Permitted
b31739114,Jammie Girdwood,0902109297,jgirdwood2v,"bU9!f?s{Ta.T,h*",1,Permitted
b50470059,Blayne Epton,0993726009,bepton2w,vX2%je\9Z,1,Permitted
b81350161,Jock Fain,0918132065,jfain2x,tD5*V&&6IPBd02H<,3,Permitted
b28838300,Agnella Winspurr,0971698109,awinspurr2y,cX8`5&4RsW{6Z#,1,Permitted
b09271391,Adrianna Hincks,0975019668,ahincks2z,tA8~b=}}qh5+,2,Permitted
b98334660,Rasla Berndtsson,0905961991,rberndtsson30,qB0~*1spMU,3,Permitted
b76991414,Finn Ratnege,0924198900,fratnege31,uG4_NsYM6=@,2,Permitted
b44489058,Clive Waters,0979187062,cwaters32,rC0$j&sju)ra$?,3,Permitted
b80206594,Cameron Linnock,0915292759,clinnock33,lW8%vI)M,2,Permitted
b03960760,Cazzie Gumey,0914016661,cgumey34,"mX5>',B2j|w",2,Permitted
b87749399,Dayle Wildash,0965264293,dwildash35,iV7=VGYH59,1,Permitted
b89776741,Demetra MacPeice,0917953538,dmacpeice36,uA3+)#*N,3,Permitted
b80656793,Dorisa Bentz,0912413989,dbentz37,hE1!9CfwF,2,Permitted
b77816636,Joelle Gawen,0929489701,jgawen38,gF8%xfgKQg5&h,1,Permitted
b35319453,Candra Spellman,0912882930,cspellman39,qY6{3\_s0E,2,Permitted
b58459814,Desiree Morrissey,0962107545,dmorrissey3a,nT1.8cNQ=,2,Permitted
b85544648,Nicky Petrina,0949479545,npetrina3b,kL7)YO97Wcv48,2,Permitted
b89460362,Reuven Boxhall,0977749599,rboxhall3c,jJ4).+fUe11,1,Permitted
b00351484,Christyna Bendon,0944909737,cbendon3d,hX1!VsUl_',2,Permitted
b75804835,Hy Taffs,0935783850,htaffs3e,hP2%eF(E?j=js,3,Permitted
b61492942,Gratia Tumulty,0926102867,gtumulty3f,mU4_I~'@?Z>rQ)He,1,Permitted
b53860695,Spencer Maltster,0901534196,smaltster3g,lH9!Bal#,1,Permitted
b97484536,Rufe McCloy,0921424734,rmccloy3h,rI0/U#0h2|/ig*Nt,2,Permitted
b71424122,Vida Fullick,0931657397,vfullick3i,"dF7""2(RSu)%",1,Permitted
b20322436,Alyce Matiasek,0929875348,amatiasek3j,gJ2_+atLxVkC,3,Permitted
b01506368,Shelby Zecchinii,0996864311,szecchinii3k,qW6%@h.LwGX_qih,1,Permitted
b74103124,Shirlene Hundy,0995456109,shundy3l,vJ2@+!<K~LL6G%,3,Permitted
b70830299,Doretta de la Tremoille,0955729318,dde3m,uK6$u$Q/.'FZ0|p,2,Permitted
b95667764,Ivie Marlowe,0957309955,imarlowe3n,bN6?K6<\sW46,2,Permitted
b76289930,Adolph Allright,0947451621,aallright3o,"lV3#B`zQ,l",3,Permitted
b43534170,Trevor Danford,0997922769,tdanford3p,hC7=2{&RqY?`P,3,Permitted
b98119512,Tine Glamart,0916801464,tglamart3q,sY2!aP6*Fmt1zT,2,Permitted
b34485466,Dal MacTrustram,0941020343,dmactrustram3r,tE0\YxKy*}3K,3,Permitted
b34747846,Edeline Gallichan,0984137691,egallichan3s,dT6#I%B~Xb1,1,Permitted
b83435128,Irwinn Doumerque,0971645915,idoumerque3t,wH9?BDbw,1,Permitted
b76758503,Beryl Krop,0977653743,bkrop3u,uF7%b}%{,1,Permitted
b72855747,Aurie Fadell,0942462715,afadell3v,zH6+buaf,3,Permitted
b96393437,Nessie Cuncliffe,0942521782,ncuncliffe3w,"jW9,+UdZG",2,Permitted
b67322831,Therese Yakebovitch,0998151123,tyakebovitch3x,jB4~N>XJ~~$_|U#M,2,Permitted
b85675079,Tammi Cobbing,0989439663,tcobbing3y,tA8}d6%mDo(fXur,1,Permitted
b77847912,Jeanette Puddicombe,0941558272,jpuddicombe3z,mZ1%{|RUj5Z$A,3,Permitted
b79846954,Bonni Ragge,0968809900,bragge40,sK6|NO%g>2d,3,Permitted
b98705264,Aurie Knocker,0919920546,aknocker41,cT6>2kWFj!_sIj,1,Permitted
b74868190,Stefano Gribble,0973823412,sgribble42,"pL3/T606Kqr|""|.>",2,Permitted
b84110886,Grady Schild,0929396354,gschild43,iB0~/QJB@,1,Permitted
b86980749,Devon Burleton,0918009615,dburleton44,uU1!A_Y@}~vg1,2,Permitted
b87852165,Ketty Curner,0996680166,kcurner45,bO9*t_39rq6w,2,Permitted
b72750111,Julieta Canon,0972555942,jcanon46,xD5\N0WMTe4f(.,1,Permitted
b21927654,Briant Akess,0944365608,bakess47,aP1+qMryTyjC)L,1,Permitted
b54369434,Kassie Ewence,0921351629,kewence48,bC9*c0mk+z&,3,Permitted
b42827519,Veradis Fache,0913667393,vfache49,"hT5(""wCl/R_\j",2,Permitted
b43703727,Skipper Levison,0999533640,slevison4a,"yL8""8~xg&zG2,",3,Permitted
b57699855,Horst Beardwood,0964326585,hbeardwood4b,"dC4~'ww,!%",3,Permitted
b02519260,Adrien Toombes,0963251275,atoombes4c,fK0~LBN232B*D,1,Permitted
b12827784,Enrique Redfearn,0988648353,eredfearn4d,hF0`Jby`ejX!zF,2,Permitted
b06230912,Reid Cooksley,0972322135,rcooksley4e,oH9}/'<{$,2,Permitted
b10585973,Heinrick Loody,0944207637,hloody4f,zW8=dNkA,3,Permitted
b62360579,Jane Schultze,0913346128,jschultze4g,zN6{e7_5<xnBZw{,3,Permitted
b27695930,Doti Pooke,0947913315,dpooke4h,iR0|E6y*,3,Permitted
b18774436,Shirline Balint,0955281169,sbalint4i,jX1@8~lc(l,3,Permitted
b66377335,Carl Beams,0922201959,cbeams4j,eM7@x.I(_+2)8<,2,Permitted
b49381915,Victor Inker,0954966995,vinker4k,pT8{+0.v7ri,3,Permitted
b90639745,Toni Coiley,0949466399,tcoiley4l,aS9&DS7{DHsr,1,Permitted
b97536285,Aubree Poile,0936366736,apoile4m,"eO9,a4vbe0qT3/02",3,Permitted
b74535472,Sasha Gilpin,0927102789,sgilpin4n,bB0/<kgv\6r<_,2,Permitted
b39750793,Ileane Moakes,0989389744,imoakes4o,dP9?3h2D?z3_,1,Permitted
b28645027,Rabbi Kenson,0984365938,rkenson4p,sZ0*bRe@_6,3,Permitted
b64552501,Penelope Philliskirk,0918344545,pphilliskirk4q,lX1#m/~p|Y,3,Permitted
b79971673,Urbano Cavolini,0952620463,ucavolini4r,"gV6,d6%Ek~|W@B'1",3,Permitted
b94273237,Hedy MacGow,0989875544,hmacgow4s,oG8%.)jTFxKh,1,Permitted
b60215420,Rancell Concklin,0954907085,rconcklin4t,cI3>S=njw%}L,1,Permitted
b48456205,Kat Bartoszinski,0976560926,kbartoszinski4u,cP2{e(q+Zo7,2,Permitted
b12558549,Giffard Trotter,0971913926,gtrotter4v,rY5`y)&'mlq+uor,3,Permitted
b25475434,Carine Minigo,0983220629,cminigo4w,gG1}#G*A},2,Permitted
b26993141,Eddie Valentelli,0963697372,evalentelli4x,vV9?75MMyI`9yCen,1,Permitted
b58675796,Sadie Maystone,0987385664,smaystone4y,"dE2,4\ACRpXg",1,Permitted
b35787395,Jourdan Linger,0998163313,jlinger4z,gT9~5EUN,3,Permitted
b09597128,Walt Cator,0988755880,wcator50,zU4?)C.0,2,Permitted
b25981299,Colline Dunsire,0931872886,cdunsire51,jR3/ck5h}qk',3,Permitted
b81398058,Rad Hembry,0978630812,rhembry52,"eE9@,m)b+",1,Permitted
b11516710,Leoine Amorine,0991050355,lamorine53,jM4%j3iCEpn?2@,1,Permitted
b69463924,Stephine Gauche,0954696712,sgauche54,zK5{iUOmO|y'B,1,Permitted
b87480010,Baldwin Bloxsom,0906078912,bbloxsom55,uU5'u/I.x0R3o,2,Permitted
b32937694,Ron Hammerman,0909781753,rhammerman56,zI2#~\9BjV,1,Permitted
b95362085,Rafi Hair,0987239878,rhair57,eH4|0UBr1m*1,3,Permitted
b48971894,Heidie Smallsman,0973491424,hsmallsman58,zI1/4t\(D,2,Permitted
b53638657,Una McKain,0956670187,umckain59,qB4=u+IYq,2,Permitted
b21452285,Hamnet Siney,0946578304,hsiney5a,rC9{+Zr>,2,Permitted
b10211220,Urbain Rechert,0992216331,urechert5b,xM4.XR</>Q,2,Permitted
b18364177,Donavon Montier,0912797090,dmontier5c,kQ2*Vg8`Q'8,3,Permitted
b51354074,Jereme Allcorn,0984578020,jallcorn5d,"dF2+P""joK",3,Permitted
b45192114,Chrissy Wellman,0926007082,cwellman5e,"cD3""s*j=`T",2,Permitted
b94632527,Thornton Luisetti,0929405040,tluisetti5f,"dR4""rp=>",2,Permitted
b56928602,Arlen Littlechild,0916196835,alittlechild5g,yT7>U@ft=s8RJ?lN,2,Permitted
b31914450,Reg Bellany,0931858926,rbellany5h,"cG6""kvE_6e5mra",3,Permitted
b44238370,Kristoffer Follan,0972559393,kfollan5i,pA9)u8Y4&jsP,3,Permitted
b63286791,Mollie Moakson,0973075697,mmoakson5j,rV6)x=hTByDuuP,2,Permitted
b35440246,Farra Manclark,0918769899,fmanclark5k,"bZ7#OTxj.q4M""9j",3,Permitted
b37528457,Yoko Burch,0941869604,yburch5l,pU9~Jvlo,2,Permitted
b26567968,Brynne Chatres,0936919749,bchatres5m,"lN1|T""eeU|{=.",3,Permitted
b78804942,Rani Griston,0903467718,rgriston5n,"rQ3>,FPM.q\",1,Permitted
b40688310,Robers Shillum,0929946785,rshillum5o,"oZ3)X$WtPW%hf""Ym",2,Permitted
b81687729,Charin Viegas,0935853908,cviegas5p,lY2`VNyEPDW)`,3,Permitted
b36732913,Fraser Duguid,0938806886,fduguid5q,hI2'Xq=dZ?l'H8,2,Permitted
b53361080,Matthaeus Goddman,0976121504,mgoddman5r,vI7{vg2yvlpKV,1,Permitted
b04318170,Aristotle Gwinn,0975683450,agwinn5s,eD7?duNPzP/Q,1,Permitted
b80846850,Marcelo Simonsen,0967812739,msimonsen5t,hU3~yYvaGe,1,Permitted
b73521616,Eddy Willimott,0989683617,ewillimott5u,"cX3!,T1eWeWXQz<a",3,Permitted
b85965237,Rhodie Lorek,0968809873,rlorek5v,cT0%uUd`rc~,2,Permitted
b80907950,Rosina Tirte,0935833181,rtirte5w,xE8<N'jO,3,Permitted
b59973580,Hollyanne Grinikhinov,0958037933,hgrinikhinov5x,cM7`TkT5!Ciw,2,Permitted
b77804974,Henka Orgen,0954263921,horgen5y,vL7!V4pov3(6D,2,Permitted
b21206460,Arlyn Blonfield,0982547427,ablonfield5z,"wK8,oWmT3b",2,Permitted
b42111891,Min Huguenet,0969112187,mhuguenet60,"bR7,&/`ta",3,Permitted
b23683144,Malorie Waldie,0972083664,mwaldie61,kK6!HJ@<P(jq),3,Permitted
b51999399,Duff Shoebridge,0926930880,dshoebridge62,uF3|Boz2)&aj,2,Permitted
b50690784,Batsheva Godmer,0987359219,bgodmer63,"pQ7_j8>`pP_""Y",3,Permitted
b11561245,Farica Blitzer,0981831577,fblitzer64,oZ7${`5w,2,Permitted
b83709027,Maisie Tsar,0968207118,mtsar65,hI0\='PLKN,1,Permitted
b56432707,Emmit Welfare,0948176720,ewelfare66,sG0+`nYJmUW,2,Permitted
b27216107,Pall Rae,0933534806,prae67,sR4.WsnicWd,1,Permitted
b73539364,Clemmie Jeannot,0945766059,cjeannot68,aQ8>2zYg9k5aV9C,1,Permitted
b20678959,Belvia Kezar,0919520267,bkezar69,gW7_*0`rC,2,Permitted
b98411693,Anneliese Bygrove,0933885473,abygrove6a,sA6/mz*\(.$O,3,Permitted
b12970178,Matilda Stranahan,0966803454,mstranahan6b,vS7|dpa~,2,Permitted
b91228331,Hayden Pearton,0999458772,hpearton6c,fE6*AddB.r_Q`\<$,1,Permitted
b33522648,Stesha Blesli,0977840177,sblesli6d,rO0%XlVBYPRa08k|,2,Permitted
b40712195,Trish Grunnell,0903978327,tgrunnell6e,nK8=YH(!te2>vd+!,1,Permitted
b93831319,Salomone Seniour,0967889792,sseniour6f,tU9/FSVDF,1,Permitted
b27387506,Foss Maria,0916962262,fmaria6g,pU2|W2$>gN6B,1,Permitted
b19336584,Kenton Smieton,0937460418,ksmieton6h,iL4*>zU*p|W(%|,2,Permitted
b63507829,Lottie Simeonov,0913848806,lsimeonov6i,oW2$eh'3k,3,Permitted
b44440625,Lenee Skipsey,0994447124,lskipsey6j,vT5~sdQIOVK,1,Permitted
b36135841,Pia Ostler,0932092921,postler6k,"kU0""`\>jh)G)qI\G",1,Permitted
b96337660,Verena Barnwall,0961777122,vbarnwall6l,jZ0#b`q=,2,Permitted
b47273214,Guthrie Burniston,0993176422,gburniston6m,"yG4#d,b(b",3,Permitted
b57353581,Lilias Madoc-Jones,0973206513,lmadocjones6n,oO9)ARH%Z5<|NH32,3,Permitted
b90244371,Kalina Placide,0959441205,kplacide6o,sF1#4#+ga@T,2,Permitted
b24678566,Kari Wims,0922450982,kwims6p,eH3&~5.2=HItT`,2,Permitted
b57153942,Dianna Emmert,0961130888,demmert6q,rT4\Lf4Niqzs,3,Permitted
b23613033,Bette Gilvary,0955358957,bgilvary6r,pY4?R8syI,2,Permitted
b65170937,Averil Tettley,0961567247,atettley6s,tC6!Akec7)b<ri9T,1,Permitted
b60658078,Fons Rawes,0972573345,frawes6t,pA7~@7\o#')!k*,3,Permitted
b71811381,Edgar Kilmurry,0948180276,ekilmurry6u,eQ7#})IgmhVWw,3,Permitted
b70967909,Hendrick Adger,0948018200,hadger6v,fS8\SAPO2bYpDj,3,Permitted
b74659160,Whitaker Balfre,0987206949,wbalfre6w,"bD5'P_A,u",3,Permitted
b73751739,Hakeem Gove,0954890258,hgove6x,tV4|0'#$/k,1,Permitted
b88993654,Rustin Maiden,0958721981,rmaiden6y,aA0_}8Qqi,1,Permitted
b44283378,Carolan Branigan,0953731938,cbranigan6z,iE4_iAZ6*kbN,2,Permitted
b31514302,Mendel Drew,0967135770,mdrew70,wS2)y*CC$ffq,3,Permitted
b93512206,Pearline Bettanay,0992964329,pbettanay71,tJ9!\KLPePq,3,Permitted
b88318555,Guinevere Burth,0932103325,gburth72,"fP0&""A=+Qt",3,Permitted
b19464794,Heida Tompkin,0968238752,htompkin73,zO8/vG</,3,Permitted
b21597109,Corabel Rawood,0946657109,crawood74,cU1>96x0vw,2,Permitted
b24886241,Emelina Ellings,0967740585,eellings75,"aX2,.iL.'.",2,Permitted
b72922883,Angeli Rikel,0985442767,arikel76,"iG6""jF`94z4",2,Permitted
b96675216,Jackson Creus,0926308124,jcreus77,"pP0{""Dy6N",3,Permitted
b35779397,Devan Stolte,0966802404,dstolte78,lS9{_!x/yq)`7*sy,1,Permitted
b60306105,Oriana Lehrian,0979793564,olehrian79,"hE4&n#a<7,&6$",2,Permitted
b19812860,Jordan Thies,0939914524,jthies7a,"dV9,.k?8",3,Permitted
b96742030,Clarinda Januszewski,0942997919,cjanuszewski7b,bP4=3k3@\m_,1,Permitted
b16120013,Gianni Janicki,0993557141,gjanicki7c,cT5$T#A<)\TR%K\8,1,Permitted
b81773624,Cherey Wybern,0969334889,cwybern7d,aE5{PBOg3R<o8,2,Permitted
b65261427,Georgie Crosi,0944643292,gcrosi7e,"pY1!e1vqG_@'P,#4",1,Permitted
b59141887,Gabie McKirdy,0975063149,gmckirdy7f,"xK0<""x""m6ZNu<x",1,Permitted
b41702460,Ambur Ilyuchyov,0985857804,ailyuchyov7g,gP5!V.Id|b*{,1,Permitted
b28956314,Ward Hexum,0977173343,whexum7h,"hS9$lY=~(uM4""",1,Permitted
b11788139,Tucker Agostini,0926510835,tagostini7i,iB9/9Had2A,1,Permitted
b57423699,Justinn Wohlers,0978417680,jwohlers7j,"xI4,5.y{SPG)`Q",3,Permitted
b05823343,Alice Antrum,0951166942,aantrum7k,nL7}`8`u(,2,Permitted
b76261892,Leonhard Domel,0981381343,ldomel7l,"nS7?+p\SRsP""\6x.",1,Permitted
b04546618,Ramon Briiginshaw,0914741436,rbriiginshaw7m,iO5}JhmP,2,Permitted
b45165213,Catie Doyle,0987544786,cdoyle7n,"kX4_\AE""|f",3,Permitted
b35619059,Nelle Ardley,0983515264,nardley7o,"vZ6{""ily",2,Permitted
b09121077,Bud Nears,0996549549,bnears7p,jK6{f@>y6,1,Permitted
b59853562,Zed Vedeshkin,0927106372,zvedeshkin7q,"sY4\AuO,lx1yiT",1,Permitted
b31362971,Ravi Crowley,0976687205,rcrowley7r,rK0>to6#C9>,2,Permitted
b69153524,Donny Tucknott,0909385154,dtucknott7s,qO9'PF4E5SISz,2,Permitted
b19463332,Inessa Corck,0939273120,icorck7t,cZ9}#%'T2,1,Permitted
b94551155,Annabel Alphonso,0983395152,aalphonso7u,yU1#x*CHiY,2,Permitted
b92805929,Kara Keam,0922502006,kkeam7v,jR9*gCjD?}1X+?+k,1,Permitted
b50420437,Raviv Newbatt,0945596710,rnewbatt7w,aP0&cX\x,2,Permitted
b93344362,Stavros Tacey,0928343634,stacey7x,"pR5/l6OG+@L`""{H",2,Permitted
b57259408,Winona Dawton,0936005021,wdawton7y,cV6\azp{.'g,2,Permitted
b85355659,Brittan Gair,0993547205,bgair7z,fP9)N4Xh`>+bN,3,Permitted
b93994976,Victoria Delnevo,0922333545,vdelnevo80,sE5`J62%`H5Q,1,Permitted
b72741338,Fayina Lipman,0925240818,flipman81,eR3%/ld5\0{59,2,Permitted
b70211585,Corbie Penlington,0953566786,cpenlington82,lW1=a%gm>_,3,Permitted
b67195882,Jorey Northin,0905684855,jnorthin83,vV8+7_g{n=G1Ob,1,Permitted
b53482595,Allyn Ellit,0981415403,aellit84,"qO6~Q?""X2`GsTL2",1,Permitted
b13921013,Edee Gilson,0947316615,egilson85,sD8++M_89MZ,3,Permitted
b88432146,Sheeree McInally,0939191843,smcinally86,hA1%<rEy|H+s,1,Permitted
b12798537,Rasia Duly,0911013080,rduly87,xW0.(noXBsoF,1,Permitted
b91902412,Alisa Houseago,0991133729,ahouseago88,"pM8~""BX0",3,Permitted
b41158927,Rheta Vigours,0924306321,rvigours89,wL6<$9'f&P03wS,1,Permitted
b15899896,Nero Creelman,0987595057,ncreelman8a,fR9|jlJh}h*,2,Permitted
b93292570,Deanna Gozard,0955373715,dgozard8b,fB0)cK1?uA)?,1,Permitted
b75608277,Marcus Storrock,0931101297,mstorrock8c,"uV2{@I)1)i@WWX,2",2,Permitted
b61347658,Brittni McCully,0915321122,bmccully8d,cR8?Ge~>,3,Permitted
b68632686,Malory Pawelec,0915985789,mpawelec8e,"iG5$<N,eG",3,Permitted
b12925762,Janetta Di Matteo,0936029722,jdi8f,pJ9'$SkKgmY9,2,Permitted
b53542798,Lissy Thackham,0933822283,lthackham8g,"sX6"")&""XePGQO\",1,Permitted
b41219910,Mavis O'Sheils,0955609315,mosheils8h,oX8+\0q/,3,Permitted
b94708888,Aubrie Crippen,0958366412,acrippen8i,rL8{ZLcP!uMrFCj,1,Permitted
b06453361,Farr Cuvley,0922724055,fcuvley8j,dD9$yE+Tz~+2,3,Permitted
b11495967,Pedro Duckitt,0962056949,pduckitt8k,dC0&hyu$~O#95Rs5,2,Permitted
b70665799,Ralina Tabb,0916749063,rtabb8l,"fC1\,CN#CG'",2,Permitted
b67623290,Pauline Slorach,0926912647,pslorach8m,mK0`~4Bf'{%w,1,Permitted
b55158900,Lira Willock,0963749532,lwillock8n,uY7<ys5f.UW6,2,Permitted
b62285301,Florian Leedes,0947328940,fleedes8o,rI8)2pDg,2,Permitted
b36692876,Shir Minchin,0984011226,sminchin8p,aR6<m/gK!|l0udtr,2,Permitted
b38990004,Neal Gladebeck,0905153817,ngladebeck8q,"sG2!bAI/=j,",2,Permitted
b88329343,Rolph Elstone,0988353891,relstone8r,dI0?iw)Z%Aq>S*q,2,Permitted
b98732284,Evelyn Glassman,0965018979,eglassman8s,"kS9""0p|e5bu)`",2,Permitted
b52282622,Kelley Jaquin,0944663633,kjaquin8t,aV4}u9~$#4Sm\5B2,1,Permitted
b64181524,Quillan Lamblot,0933113572,qlamblot8u,cZ6`*a`WFpH+jd,2,Permitted
b10536528,Karisa Crumbleholme,0904325425,kcrumbleholme8v,wI8*zR.J<NT,2,Permitted
b29193303,Cly Cars,0988275103,ccars8w,hP5)G@_*G!Qqz<8,3,Permitted
b61274669,Gusty Carcas,0913336640,gcarcas8x,gP7)vOz._!1B,3,Permitted
b74493855,Artemas Older,0908539373,aolder8y,lT8@)ip|MK,2,Permitted
b20712576,Brett Goodread,0998709259,bgoodread8z,"wK8""(ibq",2,Permitted
b28478291,Tami Louis,0992086626,tlouis90,"sG5&Rn_x?YTQtv,",1,Permitted
b01661354,Aldwin Bosanko,0986093979,abosanko91,wW6*_KJLrtb,1,Permitted
b85396638,Harland Connelly,0991366654,hconnelly92,"nU7(#""'k)n%",1,Permitted
b02109829,Gustie Ribchester,0918791117,gribchester93,rW9+tQ@X{>kFG,1,Permitted
b32761052,Mallissa Noke,0958055897,mnoke94,qD7=.Yww\gL0'i,3,Permitted
b51398278,Bowie Whales,0957248052,bwhales95,"oR1`fsc""",1,Permitted
b36882101,Friedrick Beresford,0953093010,fberesford96,kO4_r&'1,1,Permitted
b70827067,Jillane Mandrake,0962593601,jmandrake97,iF1$\QFTO6O/YsK,2,Permitted
b44115082,Johnna Kersley,0947369776,jkersley98,xL2#<sc~,1,Permitted
b90163148,Barbra Parrington,0901733946,bparrington99,pL2%2ZyX2,3,Permitted
b07934356,Rockwell De Laci,0973706069,rde9a,hM2(ZI|XO+=F,3,Permitted
b20936953,Jeana Mitchely,0961339960,jmitchely9b,tK6>w/tZ!y3wBJk,1,Permitted
b76579649,Bendick Mathey,0957872009,bmathey9c,zB0'UBph/+qTfr,1,Permitted
b61838696,Andrei Forsythe,0927353928,aforsythe9d,dS3>CW$_YV2$s>EC,1,Permitted
b00261925,Nyssa Frise,0953805332,nfrise9e,fI6}_FnzKEGS.)(a,3,Permitted
b29712175,Giraud Delatour,0943648976,gdelatour9f,wR6'R/Oj4,3,Permitted
b41480533,Dylan Poone,0961676244,dpoone9g,tU7#tYejhrI,2,Permitted
b29807942,Isacco Campanelli,0991252469,icampanelli9h,"rW7*e+!.hzpP,+h~",3,Permitted
b16649866,Edith Pomery,0911000402,epomery9i,yH0}1.zzoqb,3,Permitted
b78443067,Dallas Speck,0943619275,dspeck9j,wA4|GaSv$N0gc,1,Permitted
b92213967,Domenico Tweedlie,0971308224,dtweedlie9k,yK9{K>DRoW'pI_A4,1,Permitted
b86281866,L;urette Ricardet,0951934562,lricardet9l,dS1>dN05u4,1,Permitted
b93359543,Waly Burborough,0999029638,wburborough9m,sE6`H$|L|Ms4HV,2,Permitted
b75869479,Carlen Mathevon,0905996669,cmathevon9n,iQ1>6LWR\jVuMj|,2,Permitted
b12492305,Wally Carney,0963117399,wcarney9o,vQ9.</hk{69,1,Permitted
b73605502,Damiano Marnes,0998634414,dmarnes9p,zV7{v{4+)m,1,Permitted
b29764231,Michail Klimpt,0964737894,mklimpt9q,vO3{}YK/&,3,Permitted
b48119979,Mikel Hutt,0979148846,mhutt9r,sH7/XaABjB,2,Permitted
b50799692,Holly Hastie,0932924635,hhastie9s,tZ2/UVVE3,1,Permitted
b74516964,Rena Torr,0969982804,rtorr9t,fJ9}U9p~e,1,Permitted
b03753577,Garland Reboul,0923024906,greboul9u,wP6?~`c/kSt,3,Permitted
b42203563,Anastasia Cohr,0999751565,acohr9v,pA9@Ef378Pxa#,3,Permitted
b70860373,Shirlene Wenzel,0936684570,swenzel9w,"lA2+,Uf/U.$LLn@f",1,Permitted
b07159597,Aland Howitt,0909352427,ahowitt9x,eG9)vJY5R>,3,Permitted
b77125786,Melosa Flannery,0912837252,mflannery9y,"yL0""<3~\@'D<*x",1,Permitted
b89785239,Laurice Diddams,0945980627,ldiddams9z,pH2\W~QE\z+p,1,Permitted
b48860748,Rustin Welldrake,0906074228,rwelldrakea0,wQ4=7=/K8uPq9,3,Permitted
b41682342,Anastassia Moxham,0986172738,amoxhama1,lG5)nSz'aci,3,Permitted
b13648806,Lucais Propper,0986144080,lproppera2,hF4>1P>wR|5m_,1,Permitted
b56425610,Sarena Houndson,0914528834,shoundsona3,tX4%pa9Vc>Qk,1,Permitted
b90953431,Clari Bromidge,0937319818,cbromidgea4,cC6=X?up,3,Permitted
b21682372,Karoly Linne,0974473362,klinnea5,jM8<5`}?JPG,3,Permitted
b19825973,Malinde O'Loinn,0997944740,moloinna6,iK0)@$1eb#q,3,Permitted
b50504665,Sheffie Trahearn,0918848076,strahearna7,"gJ4_)DtLM<q,G0",2,Permitted
b23596866,Amalie Colleck,0923063176,acollecka8,fC4{{)Zd9WP6K5,3,Permitted
b95436361,Kimball Stanworth,0998560510,kstanwortha9,iM4%y0Xn7mz!m&,3,Permitted
b27652734,Lucius Huxley,0947916631,lhuxleyaa,aX6{IE5$Z$MHo#,1,Permitted
b12493953,Malchy Swetenham,0923792897,mswetenhamab,tQ9)r|tzKuF,3,Permitted
b37900548,Valery De La Salle,0927012311,vdeac,bH3*x~4aV>y~,3,Permitted
b28215497,Claudell Cowterd,0933742437,ccowterdad,"qF4!f""C4|}B!1*3",1,Permitted
b21182286,Jacky Sargeaunt,0912557145,jsargeauntae,"sM6,'!=vWHmN0va9",3,Permitted
b99742629,Jennilee MacDavitt,0973579917,jmacdavittaf,xD5~sdZ=|x8yg$~K,1,Permitted
b35873074,Putnam McGreil,0929762930,pmcgreilag,fX2#akP'O9,2,Permitted
b83953187,Benny Bastie,0936961305,bbastieah,aV9|y0mxL,2,Permitted
b40430596,Padget Baddoe,0907124215,pbaddoeai,dQ7=LVI\.(omd,3,Permitted
b94448759,Hadlee Iddens,0943808553,hiddensaj,xO9.0/).JhQ<d,1,Permitted
b62697722,Chaunce Probate,0911586110,cprobateak,qN6)brD`LVG`~)o,3,Permitted
b52805938,Garry Rottger,0903775883,grottgeral,sB3`7!7U,2,Permitted
b97760721,Betta Rougier,0968194717,brougieram,pL3`v}`O#L6=q,3,Permitted
b70594342,Brittan Brusin,0945523532,bbrusinan,fK0`l!c!QK{b8T,1,Permitted
b35795785,Tann Goodread,0984440185,tgoodreadao,cL8)|1B0,2,Permitted
b63314419,Kelli Wildblood,0932289698,kwildbloodap,"jZ6$*u3""vj~",1,Permitted
b47834797,Carmon Witson,0961683782,cwitsonaq,wJ3$K+SB12KWQO,1,Permitted
b60711092,Celesta Gerty,0943984093,cgertyar,bZ9|c_b*s@3,2,Permitted
b19150268,Dinnie Jorgensen,0953798580,djorgensenas,zR2}mV~y,3,Permitted
b11224784,Louie Worwood,0996856570,lworwoodat,gG5\d~&3,1,Permitted
b81847132,Shina Sturdgess,0984544642,ssturdgessau,rK9}.y<d,3,Permitted
b56594649,Inez Louca,0979038069,iloucaav,"qC7~@w?}Sqtd""Na",2,Permitted
b10671399,Alistair Pawling,0964785018,apawlingaw,oA9)(ml=iDb0A,3,Permitted
b92461961,Jordanna Sisland,0914378031,jsislandax,qM7%Z~PC6UJA5,2,Permitted
b69732499,Kev Harhoff,0968727421,kharhoffay,gY0'0uwqkSKa,1,Permitted
b01859846,Augusto Reaveley,0988703929,areaveleyaz,bC5#ZtV&`|k,1,Permitted
b60364730,Agnesse Kelby,0952231031,akelbyb0,tU1`vQr9}dn5$,2,Permitted
b76712893,Jerrilee Duncanson,0952984713,jduncansonb1,wL1>rFbrS9*C,1,Permitted
b48917470,Thaxter Abrami,0962286032,tabramib2,vS5?Zbk),3,Permitted
b70413827,Josiah Ryce,0995081190,jryceb3,"lE8#jzoz`,",2,Permitted
b84378456,Redd Oglesbee,0913272688,roglesbeeb4,cK3\C'PYD3Es$,1,Permitted
b48310801,Angelita Perelli,0911125353,aperellib5,dT3{DzdQs*Rc/_=U,3,Permitted
b72862893,Jeanelle D'Abbot-Doyle,0928214075,jdabbotdoyleb6,eS8*0{5l?Ua,3,Permitted
b97771434,Lynnea Andres,0926590228,landresb7,eP7%qEfETwUd,1,Permitted
b65893254,Philippe Halhead,0947087285,phalheadb8,xZ3?\S/>fjZv,3,Permitted
b71768857,Teddie Ormston,0918983572,tormstonb9,rA0<LSj&O,1,Permitted
b64776951,Opalina Pickervance,0935190396,opickervanceba,vK2~8b68Lf,1,Permitted
b63260089,Karmen Malpass,0939928746,kmalpassbb,mN3<7xuW,2,Permitted
b55933633,Graehme Du Plantier,0982278013,gdubc,tI1|wTb~b{rPCO8Z,2,Permitted
b79190701,Jere Koppeck,0909388602,jkoppeckbd,eL4_#&n)#~+%R%,3,Permitted
b58475508,Freddie Raleston,0924455508,fralestonbe,zD3\K<*m#UR,3,Permitted
b41909911,Wendall Davidsohn,0932607717,wdavidsohnbf,vR4!>2Lyi4/,2,Permitted
b53303410,Jdavie Lathan,0944678813,jlathanbg,eP6|9u<e,3,Permitted
b58276802,Basilio Harvey,0973594705,bharveybh,dV3%\F1g,3,Permitted
b79403157,Michal Langshaw,0947215138,mlangshawbi,zR0#VMkrZpl,2,Permitted
b10730624,Willem Slyme,0926839831,wslymebj,dW1/5NJ7,2,Permitted
b20488439,Lida Patroni,0952263507,lpatronibk,yQ3$!~L'K?iUlOJg,2,Permitted
b63903408,Orrin Ladson,0961792179,oladsonbl,cU3&An1K*8qfXPuD,2,Permitted
b26710407,Davon Dee,0979678864,ddeebm,nY7<o/xl,2,Permitted
b76940159,Blaire Durtnal,0984287432,bdurtnalbn,"cT5)c'=29j""7",1,Permitted
b19175706,Serena Cawthorne,0983775745,scawthornebo,aW9+g#e3X$@tJv},3,Permitted
b65280377,Thornton Diego,0989139638,tdiegobp,"tP7,3N!4F@_<e5",2,Permitted
b20394789,Patton Sturte,0954796867,psturtebq,jM3&5&70`@8~Z@jw,1,Permitted
b41110052,Adiana Aylesbury,0988809334,aaylesburybr,pH0)YYei,1,Permitted
b23763886,Dyna Remon,0913297006,dremonbs,qC9.em/Z=,3,Permitted
b02747682,Roda Washington,0945138916,rwashingtonbt,"uG7,!BbhS0B",2,Permitted
b58137705,Cory Morville,0933434810,cmorvillebu,lV7$#}a5m,2,Permitted
b72177708,Verene Kenworthy,0939632104,vkenworthybv,"kC4,i`&kWX280",2,Permitted
b66898496,Gayelord Lowrance,0918962480,glowrancebw,jX4_Z0j@Q%@,3,Permitted
b95798839,Doti Molson,0911561840,dmolsonbx,"bU6""""\3Z{jAhss&",2,Permitted
b63644541,Warren Kilcoyne,0924874045,wkilcoyneby,wP1%'n_7gi,1,Permitted
b06635176,Darb Aronov,0924341895,daronovbz,"hO1`,?kI""\>*=u+",2,Permitted
b20523306,Jaynell Pilpovic,0913155592,jpilpovicc0,mM2{K+sp13+{0,1,Permitted
b62915544,Ulick Hugnin,0981983720,uhugninc1,rT8.|M*'E<KI~MYB,2,Permitted
b34523949,Faber Woodfield,0948860248,fwoodfieldc2,qO7{=lR$zH,2,Permitted
b83213753,Ileana Sutton,0919902102,isuttonc3,bM2|K*Homh,1,Permitted
b36355034,Aggie Conboy,0986169619,aconboyc4,"mZ9,X7F*%Y7J",1,Permitted
b12314232,Ladonna Dyet,0942110910,ldyetc5,qI9}N$E=b)Q.s?,2,Permitted
b70462493,Morgan Jacson,0959544390,mjacsonc6,jA3}un6tz+,2,Permitted
b10877786,Nickolai Eagell,0931289597,neagellc7,qZ1<`E3O{4R,1,Permitted
b98822399,Miller Yeardsley,0916191553,myeardsleyc8,iF0'Gv>i,1,Permitted
b35753810,Diana Vankeev,0934857630,dvankeevc9,eJ1`nKXy30k3!CW',2,Permitted
b15872862,Isidor Dunston,0999375123,idunstonca,eI5'7z#=lMG\Hxy,1,Permitted
b70950637,Wendall Thirst,0985437660,wthirstcb,"qQ5\""WkJ$8pmQWA$",3,Permitted
b43316857,Merilee Fassman,0914775449,mfassmancc,"kZ5&.&f_k.,""",1,Permitted
b25548970,Becka Dict,0968721667,bdictcd,jD9=D92>maLWv/1,1,Permitted
b41484101,Emerson Kynoch,0929643123,ekynochce,"bY4>y.<TQ,mBsyN}",1,Permitted
b50862811,Langsdon Loddon,0975919846,lloddoncf,aS3!sTZJ1kF%@0j?,2,Permitted
b13465988,Maia Kubes,0993583771,mkubescg,yH1{CCs&'f`2lq!,2,Permitted
b91819543,Zelda Eseler,0998839071,zeselerch,wU9`NZq'vENcdaO,3,Permitted
b53662053,Anissa Croft,0959291413,acroftci,"qC2?gsp6+""?UgpD",1,Permitted
b30349305,Klarika Hatherley,0905354745,khatherleycj,sY9(P4$jb,2,Permitted
b19885914,Amos Chisholm,0936701749,achisholmck,jO1?=s+%'({,3,Permitted
b84436412,Dmitri Thoday,0915561368,dthodaycl,zS7!v(9SN7u\,1,Permitted
b67740933,Boothe Hazeup,0972870720,bhazeupcm,wX2+2Q``N9,2,Permitted
b10180565,Caron Woodson,0917939020,cwoodsoncn,yQ1|fEtq4Jn$,2,Permitted
b48770940,Jo-ann Pumphreys,0924085756,jpumphreysco,lT1_?J$!r|mc8IMW,2,Permitted
b73380725,Eugenia Knoller,0931040297,eknollercp,"rO7""kBH""kzU}K9",2,Permitted
b20136890,Malissa Tavner,0993359963,mtavnercq,"oK7_x""<?aHhG",3,Permitted
b81121364,Zebadiah Gouldstone,0946346044,zgouldstonecr,aO2'to57J6,3,Permitted
b12381862,Annadiana Andresen,0945467480,aandresencs,"hM5<'As""Hul}or`",1,Permitted
b02382738,Alvie Mounsey,0932395544,amounseyct,lU3&P|=A_,1,Permitted
b59272300,Shem Balfe,0961645656,sbalfecu,gQ5=_g@xq4,1,Permitted
b24510510,Darius Schroeder,0919427001,dschroedercv,eX7'0<x+ph|5(,3,Permitted
b74252623,Jeremy Eitter,0997521945,jeittercw,rE3(l_8y\|l<>@,2,Permitted
b31845608,Corly Curston,0925045883,ccurstoncx,eU9/OK3$3F#1V?2,1,Permitted
b10840262,Giana Pires,0995553168,gpirescy,rK4\imLBYx'<Ea,3,Permitted
b05599054,Toni Vercruysse,0961618266,tvercruyssecz,dA6.}4Q`_/},3,Permitted
b96689725,Kath Knevet,0902058631,kknevetd0,yC9)eB$AIQ#g,2,Permitted
b15398563,Annabell How,0923460803,ahowd1,kU9}?Xvw<pVn,1,Permitted
b05743730,Meredithe Threlkeld,0915433396,mthrelkeldd2,nY4@7gAHDR%iF,3,Permitted
b45876690,Cherianne Rothman,0946562609,crothmand3,"nK8,(|M`)",2,Permitted
b04455345,Bettina Jozefowicz,0921175681,bjozefowiczd4,dW7%2+138,1,Permitted
b79671098,Corri Rosone,0931250332,crosoned5,"pK4""5*=T",1,Permitted
b21365996,Juan Fuchs,0929676316,jfuchsd6,eC8`&DJF#K%x&9,3,Permitted
b03817609,Vanny Greening,0994416307,vgreeningd7,zC3!6{!>,3,Permitted
b18854057,Cybill Sothcott,0993934514,csothcottd8,rQ1*`K~{>MUad,1,Permitted
b02576486,Berny Aucourte,0946048826,baucourted9,xN6`&SAB.2,3,Permitted
b71932110,Elia Goodhall,0948666584,egoodhallda,dB5)/EH}>ccV,2,Permitted
b57264810,Latrina Godfery,0974482805,lgodferydb,lU6$#@9J}Ve,1,Permitted
b94369192,Ned Lodwick,0919878523,nlodwickdc,bB5?FL?kna,2,Permitted
b50833435,Madelaine Wapple,0919148770,mwappledd,"dP2\,NEZ|",2,Permitted
b60826414,Tate Cappleman,0938824732,tcapplemande,eX6%YN8#s+DOA}lP,1,Permitted
b34416159,Giustina Devanny,0908184837,gdevannydf,vY5&7H%62,3,Permitted
b90607804,Callean Maryott,0998166787,cmaryottdg,sC7<K@{nY2%m$k<j,2,Permitted
b86578410,Sharron Toxell,0946387851,stoxelldh,eN9|1`be*,1,Permitted
b12176846,Kenny Lintott,0961177600,klintottdi,dX5=XArse,1,Permitted
b33209419,Conchita McCaughen,0952185760,cmccaughendj,vE3%z&KA,3,Permitted
b11628870,Roberta Minogue,0941050070,rminoguedk,eU2=wYS$oP5wl=,1,Permitted
b28256313,Anderea Davet,0913152637,adavetdl,vG8{Q)/hJj{~L.eM,2,Permitted
b51961846,Virgil Pow,0928207369,vpowdm,kS3_H<yp}~>KFHy,3,Permitted
b76158027,Orlan Bailiss,0929663066,obailissdn,xP5%bRv2S?f=SM,1,Permitted
b12655927,Hi Georgins,0961683020,hgeorginsdo,"zQ8~q`x*GW6,",1,Permitted
b36240256,Vinny Emmer,0982087548,vemmerdp,yI8=r~PF{t8,1,Permitted
b31711859,Sammy McArd,0915074548,smcarddq,xL1%i?BLOiBWs,2,Permitted
b80238968,Teri Behan,0955165102,tbehandr,gQ8@I}Y!he15X7,3,Permitted
b38276592,Sasha Emson,0925546954,semsonds,iQ2+'LHu!,2,Permitted
b42159786,Lisbeth Dyzart,0916795664,ldyzartdt,"tT5|fJ~&mgoiO,6E",2,Permitted
b51255153,Bunnie MacGarvey,0993300146,bmacgarveydu,fP1.FpcagY8,1,Permitted
b22201712,Care Halwill,0964603684,chalwilldv,uQ4`VgkC,2,Permitted
b56622063,Hyman Lemoir,0985619365,hlemoirdw,uN6&9BJ?Qk,2,Permitted
b75907912,Eloise Flockhart,0905775961,eflockhartdx,vE3|/~RPH|qVn)8,1,Permitted
b56490558,Dido Rodnight,0999394538,drodnightdy,uO5\Rqzglj@,2,Permitted
b64989261,Jeffrey Kobes,0981157413,jkobesdz,qJ2__hMB{,2,Permitted
b56936084,Charmian Grebbin,0923005651,cgrebbine0,hT6`vZu}6u&e,1,Permitted
b27148208,Andreana Strickett,0976392728,astrickette1,lP4!Ey8kf_,3,Permitted
b01146692,Mariejeanne Batterton,0982091648,mbattertone2,"wS4'""zUcW/1",2,Permitted
b14197015,Reidar MacAiline,0933485851,rmacailinee3,wZ5!T|LZuhQtL&NM,2,Permitted
b13221453,Frederic Sallery,0961914138,fsallerye4,yN2=yzDXxS3,2,Permitted
b04359329,Lin Stithe,0969541920,lstithee5,mI0%zXhmS,2,Permitted
b49744223,Susanne Clemson,0908110194,sclemsone6,sG7+rF6(,2,Permitted
b57807127,Kennan McSharry,0917114430,kmcsharrye7,eS3.a'VcZKunVd+,3,Permitted
b56466138,Shepard McGloughlin,0952923194,smcgloughline8,eF1{~XU|z6St,2,Permitted
b40176126,Hervey Gurge,0996526480,hgurgee9,sR4|dG6SMki,1,Permitted
b58914521,Georges Scurry,0921921544,gscurryea,"fX0|&o7p1P,ri+2F",1,Permitted
b51221644,Emmey Landrean,0972740533,elandreaneb,iH6_v|d28VejMz2,2,Permitted
b01732993,Constantina Darmody,0911719068,cdarmodyec,kT8$HoBv$'2%\B,2,Permitted
b03127111,Pansie Aitken,0931654718,paitkened,eY6<F?}v,2,Permitted
b59363310,Hester Casebourne,0941637481,hcasebourneee,wB7}k.1WY,3,Permitted
b12504603,Hernando Morling,0996989012,hmorlingef,rU6\UoR}l/kg4*S,3,Permitted
b55910687,Lorens Pfeiffer,0929980595,lpfeiffereg,oL7*L5xtu`r,1,Permitted
b84266168,Norton Capelow,0948934164,ncapeloweh,fU8#VKuSiLZJyPoe,1,Permitted
b67386225,Gage Sinnock,0991910632,gsinnockei,mH9`Y'HwS>sDx}Lh,2,Permitted
b02634634,Van Mandrey,0999836933,vmandreyej,xD6*b{X}D,3,Permitted
b79569835,Gayel Heball,0903188975,gheballek,pJ9\7@3G><,3,Permitted
b41230843,Hillery Borrett,0968531626,hborrettel,tY4?Mk/?ko,1,Permitted
b00344774,Hagen Rodnight,0913606356,hrodnightem,fC3#dnzu&H8%,1,Permitted
b01962068,Kalle Circuit,0964677431,kcircuiten,wE2+d#UxRmw,2,Permitted
b35549587,Deedee Perett,0913784738,dperetteo,kW5_K\ho,3,Permitted
b36204204,Rollo Gasticke,0955107383,rgastickeep,"hX9#oh*2m7,ZTiWe",1,Permitted
b29960742,Corry Cheetam,0908809227,ccheetameq,eW3&2JmCjM,3,Permitted
b22504591,Nariko Weatherley,0992626575,nweatherleyer,rE6.}fW6u=+},2,Permitted
b77487142,Olin Sprull,0998537837,osprulles,jL5$_nioh5!Y,3,Permitted
b04258628,Carce Giovannini,0986917014,cgiovanniniet,"fP8%j5a1Wd,,)'sw",2,Permitted
b27853752,Lenee Stammer,0907269119,lstammereu,gZ7|!)>+xFR8|t,2,Permitted
b96294672,Gabriel Sprake,0972541362,gsprakeev,lB7_H~A=7,3,Permitted
b11377244,Theo Kleinlerer,0934024864,tkleinlererew,kN7?JgUY0$KwhWm,1,Permitted
b10825587,Mitch Moncreiff,0951101745,mmoncreiffex,mT9~7_l9UHo,3,Permitted
b32658566,Jacquelin Nisco,0991180514,jniscoey,"jB0""oPwJHPN""WMNo",2,Permitted
b99573452,Trixi Cumo,0985097371,tcumoez,lD4'rcu4`i!T,1,Permitted
b02370484,Orlan Shillinglaw,0998139544,oshillinglawf0,rK2%u5(u,3,Permitted
b19942372,Wilow Iannelli,0927515982,wiannellif1,kQ3{JnXNIB|t>,2,Permitted
b68339273,Gillan Rentoll,0934535601,grentollf2,pN9\7X{&SR==@_,2,Permitted
b73370124,Pat Cleminson,0985095285,pcleminsonf3,bP5+*xvI,2,Permitted
b07178274,Tom Olifard,0945506083,tolifardf4,"uX4>X_4F}'s`e%""?",1,Permitted
b80373237,Morgan Cartmel,0917168637,mcartmelf5,tZ6!zUBozSS,3,Permitted
b84884392,Georas Larmet,0983414181,glarmetf6,uT3\GS}A&,1,Permitted
b74182777,Val Addey,0915946567,vaddeyf7,qY6%V(dm,3,Permitted
b95816175,Adolph Moyle,0963376866,amoylef8,cW3?}VcUQ+R,2,Permitted
b32786518,Lovell Stowgill,0905132077,lstowgillf9,"sJ7)o>,n)",1,Permitted
b70124723,Simeon Presnail,0938071428,spresnailfa,"rB0,0jjtDOgAU%$",3,Permitted
b82597521,Shannah Haddick,0999292132,shaddickfb,"wF7!`"">cBKJNa0",2,Permitted
b51924809,Sloan Sket,0913777885,ssketfc,uN8=~$>wnpE9a,3,Permitted
b91385481,Margarethe Goodboddy,0962202419,mgoodboddyfd,aA8*AC*L_t/I,2,Permitted
b50260679,Lin Roon,0907064148,lroonfe,qE3(&gCxas,3,Permitted
b30480971,Rey Axleby,0975410097,raxlebyff,xD7_7Osn|1|,2,Permitted
b07338606,Faythe Castanares,0965703341,fcastanaresfg,iF3=Q/cI6w\D~R,1,Permitted
b49824872,Brande Suggett,0972021476,bsuggettfh,"cH2`},b{TTQ!1'k~",3,Permitted
b93621748,Babette Brazur,0985803517,bbrazurfi,dD2$>dgS~_T.~!,2,Permitted
b64860634,Hubert Widmoor,0948828959,hwidmoorfj,sI3|b<$&Xm,1,Permitted
b25358493,Laney Currin,0913113188,lcurrinfk,vZ6{tDckn+U&`#||,2,Permitted
b82446460,Abram Gabler,0915656733,agablerfl,nB0'ZRb4=myi,1,Permitted
b31231470,Leandra Mackerel,0991040607,lmackerelfm,"bS8.{*NoN8Nj~o>""",2,Permitted
b40869955,Cazzie Brissenden,0936230278,cbrissendenfn,tX6)AshJY@H2_v\,3,Permitted
b76309991,Dar Stilling,0984766322,dstillingfo,wA8|nS}rr,3,Permitted
b52642031,Ethelbert Ovanesian,0952554565,eovanesianfp,nO1>K75.,1,Permitted
b11594905,Bernhard Bygrove,0907153317,bbygrovefq,gV6|HUsv%&LV7I&,2,Permitted
b75863349,Lyle Staunton,0952913191,lstauntonfr,nA1\zdGS$IJy,1,Permitted
b22296546,Roderic Elcom,0957809439,relcomfs,"lL6,UxS@w",1,Permitted
b58790618,Lurline McAleese,0965172973,lmcaleeseft,bZ0\{9<j%Dxz7g4,3,Permitted
b13761750,Corina McGall,0963178015,cmcgallfu,mA7>HuOfnu<OlB,2,Permitted
b77616633,Rozina Arch,0942985966,rarchfv,xV4{<h~HMPy#,2,Permitted
b86787400,Analise Tollett,0962136665,atollettfw,sK3@e%=Wq6i`t*,2,Permitted
b54211600,Lion Wareing,0993105490,lwareingfx,hK4\ICuWb2l@zlxw,1,Permitted
b31180425,Cissiee Tidswell,0938259875,ctidswellfy,"lH9}ll'""W",2,Permitted
b36133327,Beryl Siddons,0978164906,bsiddonsfz,iO0#3MLb,2,Permitted
b87711459,Cross McAughtry,0964944355,cmcaughtryg0,nZ3._mR4>JT,3,Permitted
b97893670,Aymer Di Biagio,0964450695,adig1,aQ2$V#Q>&!+U,1,Permitted
b58411300,Bear Caught,0941556779,bcaughtg2,xO8/rm~H~K,3,Permitted
b84593754,Weidar Battill,0919944486,wbattillg3,kT9*R_L=V,3,Permitted
b49467291,Dominga Reville,0996657408,drevilleg4,hJ9>rtoSjS#0&wgd,2,Permitted
b72934620,Christos Wield,0915198983,cwieldg5,uD4~~HC\)hM|EBOn,1,Permitted
b64674667,Darrelle Melbourne,0942150679,dmelbourneg6,"jA5'!UA""wD",1,Permitted
b92185590,Juana MacKimmie,0944873489,jmackimmieg7,sK2#!Eff~cNr@Y,2,Permitted
b59678608,Kayne Crowth,0964445806,kcrowthg8,hY0/\d5{,1,Permitted
b95430913,Costanza MacEllen,0941125686,cmacelleng9,fS4!t.zQ,3,Permitted
b93893000,Jory Knifton,0999973338,jkniftonga,jT9!b.~EQJ2$x%,3,Permitted
b23475472,Riobard Jobbings,0947672170,rjobbingsgb,aA3~WSz)xC|,2,Permitted
b89395326,Hilliary Sant,0939665058,hsantgc,yF5'zBsui.gB,3,Permitted
b30430496,Madison Catlette,0913985215,mcatlettegd,iQ9|G*mOl*Q#.T,2,Permitted
b46556622,Latrina Miguet,0932139834,lmiguetge,"bE9""Q59zvNPIZ",2,Permitted
b85968869,Dewie Sessions,0998178854,dsessionsgf,pE2!De*/vC`*,2,Permitted
b85489218,Kylie Conrad,0929665775,kconradgg,gE4\d/1(R1o<~uF,2,Permitted
b49533856,Sunny Flippen,0938706324,sflippengh,vX8{R$ty/,1,Permitted
b93889202,Thornie Hefner,0954360308,thefnergi,hJ1{rh9@=,3,Permitted
b24514502,Delila Macenzy,0987403262,dmacenzygj,uI8|%rgJo,3,Permitted
b19566032,Garland Chippindale,0975300076,gchippindalegk,eI4'Lucr,1,Permitted
b95340058,Raleigh Lougheed,0994268089,rlougheedgl,lD6#PSkq)z/P,3,Permitted
b69442737,Ethelind Sheppard,0954560082,esheppardgm,dH2?l?~Un,1,Permitted
b09414581,Roddie Dinjes,0959769327,rdinjesgn,yM4|s=}j3!p1x,3,Permitted
b94546322,Idelle Trase,0979347072,itrasego,iL4!&sSs%rVKm,3,Permitted
b50886890,Brit Morforth,0954902121,bmorforthgp,"mZ9\""""FSOo=H~",2,Permitted
b94500116,Rowen Northridge,0908618043,rnorthridgegq,"uT9""V9f+`9",1,Permitted
b86906347,Kirby Broad,0965544814,kbroadgr,"xB7+""6CBbIp",2,Permitted
b86786883,Bobbye Stanluck,0906913689,bstanluckgs,"jM3""Twv6uE895LZ",3,Permitted
b71541873,Alvan Spray,0937019060,aspraygt,"pU5}yRg.5AG+G""4",3,Permitted
b16529639,Gale Garvey,0947419139,ggarveygu,lQ9.hzN@,2,Permitted
b75753256,Phedra Allsup,0931000318,pallsupgv,"iR0?./Uh0HYf+""",2,Permitted
b76780066,Mohammed Redman,0929825761,mredmangw,"dK2\K`w""nc",1,Permitted
b51508821,Dud Birch,0922824987,dbirchgx,yL9`~pfr<j,2,Permitted
b46444987,Karlen Kineton,0964342044,kkinetongy,"cR3@)IVGZl%`6,U",2,Permitted
b51306173,Alasteir Bane,0981119502,abanegz,qL2#eXmG}H7K,1,Permitted
b62837885,Clerkclaude Langtree,0934112379,clangtreeh0,"hF4*\01luBPj""I",2,Permitted
b05461512,Wyatan Formigli,0955658111,wformiglih1,iB5/6i=I+N+SXj,3,Permitted
b67726500,Lisabeth Gerault,0951934811,lgeraulth2,oH1!~mreC<&.,2,Permitted
b42499851,Tait Striker,0944367103,tstrikerh3,"jY4$\0!Z""",1,Permitted
b89104951,Rowen Garrique,0952335932,rgarriqueh4,mR4}ekS_'34ou<&6,3,Permitted
b02432585,Dixie Dorber,0928479734,ddorberh5,dJ2)rJhW,1,Permitted
b45266058,Elvina Gierke,0953565874,egierkeh6,bQ1_!/&H|xj?gb,1,Permitted
b39262900,Janine Sharper,0925173894,jsharperh7,hT6$q_V0a*i0U,3,Permitted
b32889304,Zea Camin,0973289845,zcaminh8,nG8&KA`W,1,Permitted
b53417862,Otes Kingsly,0998979045,okingslyh9,fF3>ux3r%a.=,2,Permitted
b85868570,Warden Basil,0951790595,wbasilha,qX7+Tm`s4W~FqXt,1,Permitted
b75705373,Ker Pow,0968357036,kpowhb,fU3`6`_$3+b`,2,Permitted
b69896226,Chantalle Yeldham,0998851751,cyeldhamhc,tO8'bSwC45q7C<p/,3,Permitted
b70994165,Aloysia Gillbard,0904584732,agillbardhd,wA8}4#w}(A14Fv,1,Permitted
b12942856,Philipa Tedahl,0991146720,ptedahlhe,"vB4,`HJ(\p",3,Permitted
b44595088,Thatch Muzzollo,0994207682,tmuzzollohf,iK9{t#sP>3H_,1,Permitted
b59927632,Sherie Spur,0992915752,sspurhg,dR9`#`24!SA,2,Permitted
b12768273,Appolonia Cowndley,0996876432,acowndleyhh,uF7>tdIEN(i(0,2,Permitted
b84757189,Mayer Titlow,0959087627,mtitlowhi,sK6~Xv~uK>)z,3,Permitted
b73327388,Pace Paiton,0902644252,ppaitonhj,pQ4%|O'DPs&>GWof,3,Permitted
b61192164,Maryrose Livesley,0971177255,mlivesleyhk,hD6<R}$rKjk%p(,3,Permitted
b61550802,Adel Runcie,0964069773,arunciehl,"fJ9#""iONkjNXk",1,Permitted
b54157983,Ashlie Klaiser,0908594285,aklaiserhm,iZ7/ErW|rc*M,1,Permitted
b33403733,Tomkin Wyrill,0944093025,twyrillhn,cK9>_!Gz2COB,2,Permitted
b32962549,Kalvin Guppey,0909211198,kguppeyho,"uE8,jvjx+aYXJ0D.",2,Permitted
b02240243,Monika Josipovitz,0981973527,mjosipovitzhp,mP4+xI(v/CrVx69,3,Permitted
b98314174,Laverne Corse,0901957960,lcorsehq,"jJ8+X""V8i,#n'{O",2,Permitted
b59695307,Abigail Balmer,0927445193,abalmerhr,"uK2>=,,L""9S?ux,",2,Permitted
b98883360,Trina Skates,0909281414,tskateshs,xS1/_f5j0=R*?%,1,Permitted
b88821876,Gwendolin Oxbrough,0944327053,goxbroughht,xV8&iWZ@v$hB,1,Permitted
b03936012,Nolie Samson,0991443532,nsamsonhu,"iN5""$(u=*/",2,Permitted
b74163698,Shell Wisby,0911585738,swisbyhv,uL9/&{e.gz,3,Permitted
b55551454,Danny Hucklesby,0936147888,dhucklesbyhw,"sK6=K<""N",2,Permitted
b61717385,Kiley Tendahl,0974570225,ktendahlhx,lD4&tSw4`>u,2,Permitted
b27278110,Ameline Flippelli,0956232020,aflippellihy,lK5${WF2sj,1,Permitted
b35662198,Moore Binestead,0999942912,mbinesteadhz,yF7*D'3@,1,Permitted
b30779380,Lesly Van Baaren,0913932135,lvani0,gM3)Zg&\|==%{lR,2,Permitted
b53495758,Godwin McClunaghan,0949939783,gmcclunaghani1,zQ8$y{jV`R5`f,2,Permitted
b58408605,Mirabella Zienkiewicz,0938995086,mzienkiewiczi2,dY8{wH(*5sl!Z9$,1,Permitted
b76781597,Addi Satchel,0989091094,asatcheli3,nN9@3Mp/@$'CD~ux,3,Permitted
b17351700,Boy Pyburn,0952866894,bpyburni4,dW0'cLUu),3,Permitted
b76737458,Viola Joyce,0958116817,vjoycei5,zF4%jtZkgVKGR@r,1,Permitted
b41541229,Vi Kopec,0945342002,vkopeci6,sW4_uYJ<}0+mlV}Q,1,Permitted
b19855576,Pernell Saer,0908849986,psaeri7,yB7#RIK=CD*n,2,Permitted
b33124446,Weider Roelvink,0966843442,wroelvinki8,tX4=O{a(*aT<xF&~,3,Permitted
b09276136,Bryon Commings,0999271734,bcommingsi9,iQ5#.{SpDm?eCu,2,Permitted
b71633326,Beulah Catley,0962049435,bcatleyia,wF2{@Z1{>&K~,3,Permitted
b27896028,Inger Eaken,0905382516,ieakenib,"aI0(aRVw""2",2,Permitted
b64141381,Dennison Haffenden,0952065439,dhaffendenic,hU8|qJEjXmCqk?n3,1,Permitted
b49331443,Pearle Haldin,0901033035,phaldinid,"wE8!a9@""",2,Permitted
b58986592,Roman Edmeades,0917311875,redmeadesie,xE0?0i}J@bWR,3,Permitted
b89281116,Antoine Aasaf,0914201278,aaasafif,"nG5""'CaGW",1,Permitted
b95709778,Rufus Vannoni,0969897359,rvannoniig,oD1{35=I<,3,Permitted
b12720123,Erasmus Archard,0951808097,earchardih,dD3?vuE'EvO,2,Permitted
b69551182,Amandie Huckstepp,0934453775,ahucksteppii,"zB2|""rNC69",3,Permitted
b91659103,Gage Kinneir,0904629697,gkinneirij,zK8!U)dU0oB,3,Permitted
b24348670,Reeva Chiplen,0963785176,rchiplenik,nO6)4Gh6{RgJNF,1,Permitted
b16828684,Gunner Childs,0907685977,gchildsil,oL7><yB\3,3,Permitted
b66513718,Gisella Gartell,0927379472,ggartellim,kJ4(/z<&6!#,1,Permitted
b00764107,Myrtia Raynton,0937725781,mrayntonin,eN9<(kB@,1,Permitted
b78295805,Jamaal Youthead,0993656332,jyoutheadio,mJ4+r}H<@8IbkF,2,Permitted
b94515847,Adolphe Snassell,0975558779,asnassellip,cH2>hy\zSs,2,Permitted
b16870743,Barnabas Cahalin,0991217600,bcahaliniq,cW4(eD!xqP8M~>X.,3,Permitted
b12216385,Ashlan Gude,0937616212,agudeir,fJ0/v*N|&|}39?,1,Permitted
b48835457,Cecile Corthes,0913933919,ccorthesis,sN4+a&4Y7.o,1,Permitted
b89727417,Kippy Kynett,0915664930,kkynettit,bF2!rRo(ey_}jS,2,Permitted
b76319478,Betsey Ruspine,0931495900,bruspineiu,sO6@V3mbHs#n2,2,Permitted
b65800739,Mureil McCord,0927412901,mmccordiv,xG1'~wA3y,3,Permitted
b03794859,Cindra Masseo,0967905435,cmasseoiw,qL7!{>o_9t,3,Permitted
b02181098,Gayel Voase,0973511488,gvoaseix,"oA3,@/\QXy0i",1,Permitted
b45478516,Emanuele Dybald,0915459771,edybaldiy,zE2*ZQotaJ$XP5#V,1,Permitted
b28644314,Karney Galliver,0952749988,kgalliveriz,"vT9""4i>8'96LP!",2,Permitted
b55267011,Yanaton McGrath,0992818044,ymcgrathj0,tZ5<6k=!N4,2,Permitted
b76590841,Sybila Rebichon,0973725083,srebichonj1,qY7$!756u,2,Permitted
b82310130,Walden Blanckley,0913915022,wblanckleyj2,uG2$f/l%BEizC9c,1,Permitted
b07483614,Anallise Rableau,0974297523,arableauj3,cO2|h8efqLn',2,Permitted
b11782394,Verna Chaperlin,0971397171,vchaperlinj4,"iQ0|=""|B,FC",3,Permitted
b71353538,Avis Luttger,0953716418,aluttgerj5,tJ7@8AT>)Xsdt,1,Permitted
b83734285,Corrie Lambe,0986243442,clambej6,iK5#UKu<=o{Z,2,Permitted
b22435997,Cristabel Rockliffe,0908732347,crockliffej7,iQ3'#Vbswn6p@,1,Permitted
b73326239,Eddy Weedenburg,0925023636,eweedenburgj8,dQ5~uN1rcZUk&jF/,2,Permitted
b22811726,Lionel Feveryear,0962945807,lfeveryearj9,"cR2)""AP3rt_4",3,Permitted
b96755229,Doy Casbourne,0994704067,dcasbourneja,jF0/`o*31h?F,2,Permitted
b25200287,Hillary Breacher,0993380699,hbreacherjb,bK2&9%+0!#sc3k,2,Permitted
b54477827,Bobbye Brandel,0987482151,bbrandeljc,qX4`%4R8ArhcrmQX,3,Permitted
b76643610,Alexis Rockliffe,0907487333,arockliffejd,zB3}5fC1MCVj|7C,3,Permitted
b78119986,Gib Mark,0937035214,gmarkje,oS9?C5bYM5U,3,Permitted
b21808553,Willamina Peron,0951193011,wperonjf,aA3/rYkGM_B+8,3,Permitted
b87795956,Hastie Pinxton,0947258381,hpinxtonjg,aP8!!IWz@Jw#ww,1,Permitted
b36532045,Rosemary Bonham,0963022432,rbonhamjh,oP7+sE(g,1,Permitted
b91678622,Britni Mouth,0901570854,bmouthji,"bM4""AAK9Yte,)T",2,Permitted
b06607418,Genna Szapiro,0991399553,gszapirojj,iN0>ylZLMKDM2gcB,2,Permitted
b47768914,Stanislas Craigg,0918372198,scraiggjk,qD0@@73!s,3,Permitted
b07100599,Ingamar Medlin,0991036313,imedlinjl,zH0$Dgw!pyE90,3,Permitted
b86603213,Dawna Crips,0921915037,dcripsjm,xO8+oNcu9K7%T!,1,Permitted
b43159450,Hewie Starbucke,0978597651,hstarbuckejn,vJ9(O!{Dhy\rx<,2,Permitted
b69404811,Granny Meekings,0949097690,gmeekingsjo,"iJ1,7ET8",2,Permitted
b21751820,Monte Ovise,0964657251,movisejp,oR7@<4re2=lkjB,2,Permitted
b29473166,Vonni Iacobetto,0983605125,viacobettojq,"kG4/V<i""L(<M",1,Permitted
b61218393,Benoit Tether,0945618519,btetherjr,"uU0!)R',m%2a$u~",1,Permitted
b14326148,Rickie Haslegrave,0974158282,rhaslegravejs,eZ7#Xxzr18('l,3,Permitted
b35560770,Portia Dani,0925752988,pdanijt,"aR7{""AG~{@/`dP",3,Permitted
b30138658,Rozamond Houchen,0964628612,rhouchenju,wC0`mA9!~z5aboD,3,Permitted
b89228779,Elbertine Jull,0997344539,ejulljv,dW9\*+V&,2,Permitted
b08297306,Leonardo Swalwel,0951999077,lswalweljw,iD4$qdokh!hX,2,Permitted
b82970265,Dorrie Elcome,0956055287,delcomejx,aG7(stV4S2U`A1,3,Permitted
b68632713,Heywood Luety,0963801970,hluetyjy,qR6``!~g%`|iAf,3,Permitted
b96779039,Valida Petracci,0945752191,vpetraccijz,"tZ6>>%""U8",2,Permitted
b96374027,Faye Backson,0999651087,fbacksonk0,fA4_n}MYVSgB,2,Permitted
b97891845,Lydon Gozard,0972436919,lgozardk1,vI0'*YYVpo,1,Permitted
b92816500,Federico De Ath,0938108592,fdek2,hT0.9veiKtoeEQy,1,Permitted
b96868519,Karoly Wensley,0959572003,kwensleyk3,cA0~m6aiF`M/Nu,1,Permitted
b44824984,Billi Pinilla,0993872403,bpinillak4,gI6(0!7z,3,Permitted
b65944130,Welsh Draude,0994343990,wdraudek5,zG7+frls,2,Permitted
b31873652,Irita Servant,0957180307,iservantk6,eS6`+MJNLvSdc,1,Permitted
b38226715,Briny Gillani,0969860718,bgillanik7,hJ4\G(#|oIgpuAd,3,Permitted
b16836674,Tessie McIntee,0985729497,tmcinteek8,qB4@\m!fYS}m>7,3,Permitted
b94839485,Kearney Peachman,0937805829,kpeachmank9,fZ5)=W}+9Ze#,2,Permitted
b18588546,Tim Greydon,0915667132,tgreydonka,yY8#{``lzJTas8`M,1,Permitted
b62656686,Forster Stilling,0986236772,fstillingkb,sC9}QBEtR,1,Permitted
b88420868,Alec Rhelton,0954685811,arheltonkc,oH2{Y_89'|~rQ,3,Permitted
b02244501,Berkley Merriton,0965197745,bmerritonkd,"hU4}W6zey9zp""",3,Permitted
b86861598,Rozelle Balls,0939873840,rballske,bA5&jMM&FMz,3,Permitted
b10712333,Debee Quarrington,0999068505,dquarringtonkf,gQ2/x.i$%k1O{<g,3,Permitted
b98711036,Cobby Praundlin,0969345124,cpraundlinkg,jB9(5n0D5Es,1,Permitted
b70465950,Austin Cotterel,0945778552,acotterelkh,iO0?$viWc9kR,2,Permitted
b52797709,Karena Radleigh,0972927266,kradleighki,qQ8?(\?$,1,Permitted
b42702566,Elnora Haggart,0988460388,ehaggartkj,gK8$\cZJAGm.RX5,3,Permitted
b85757344,Suzy Murie,0937539348,smuriekk,cO5+\ko9&fN,3,Permitted
b08255761,Tasia Renon,0995508351,trenonkl,"gA1|eTKR/#""/",1,Permitted
b54433203,Maryellen Margrett,0975945748,mmargrettkm,pU7=4DM$??FBFvn,3,Permitted
b85749676,Betteann Wattisham,0908052007,bwattishamkn,kY1_j90c.dU,2,Permitted
b54105828,Petronella Caygill,0959225847,pcaygillko,pP7=yT4Tb&,3,Permitted
b25501252,Trula Brinkman,0971197886,tbrinkmankp,bM0><SU&,3,Permitted
b80122509,Aggi Emlen,0982593050,aemlenkq,"zA3""BB+)&TslV5lH",1,Permitted
b42736565,Denny Laughlin,0902449977,dlaughlinkr,"qG2.&&z_,neu|yO",2,Permitted
b76193605,Alli Alesio,0972839993,aalesioks,"dL3""DKq(Wc(LN",1,Permitted
b19814968,Mala Rickett,0955574696,mrickettkt,"kE0<U,FK7=2R@e",1,Permitted
b04310542,Starr Wilcot,0926967458,swilcotku,mF3(`o3m.AE,3,Permitted
b55651639,Olympia Cudde,0957225175,ocuddekv,kI6+YmI{/,3,Permitted
b06722030,Collin McRory,0938405717,cmcrorykw,aC8{m=_|.c,3,Permitted
b13310370,Astrid Pagel,0964901685,apagelkx,"sD7*'pka~?""",1,Permitted
b96688034,Ezri Norcop,0922054893,enorcopky,oO0%~tE%>)BO,1,Permitted
b37134180,Caesar Agglione,0974173370,cagglionekz,vT0!#e'EH)G,1,Permitted
b07583080,Kath Fierro,0954361855,kfierrol0,xY5/zG$o!r>p(A=,1,Permitted
b08476822,April Woffinden,0906579350,awoffindenl1,aU4!SK21\,2,Permitted
b87455086,Adora Sarsons,0971157780,asarsonsl2,cD8(7<'%@d,1,Permitted
b32362225,Vicky Judkins,0928675365,vjudkinsl3,"bL3""IK\LDm%wjhMW",3,Permitted
b24481927,Tabina Hinstridge,0914594410,thinstridgel4,rU5%YPos|+y4|B,3,Permitted
b70173051,Liz McInility,0913488788,lmcinilityl5,dK5\<F+D~,2,Permitted
b39392545,Goober Sorbie,0933605435,gsorbiel6,aJ2$LSW%cfz,2,Permitted
b88307812,Avery Hellcat,0948984308,ahellcatl7,vD4@6'FN')m1P0?y,1,Permitted
b81919113,Daniela Tomasik,0929241658,dtomasikl8,pM5~G)Y3kV_'74,3,Permitted
b55298438,Farrell Kamienski,0909557795,fkamienskil9,lI7@8Be9aC,1,Permitted
b22932932,Bordy Nisbith,0917088437,bnisbithla,zW0\!8f#*z0f0!,2,Permitted
b41687093,Elysia McGinnell,0915523208,emcginnelllb,oV6?vCXDld,1,Permitted
b12390764,Perrine Coller,0953241706,pcollerlc,lB9'C`kuN,1,Permitted
b33183937,Tildie McMurraya,0916327844,tmcmurrayald,xK9_=ET+Lre&Hf0=,3,Permitted
b87998341,Stirling Olijve,0971283462,solijvele,pP7+6_<RRz#,1,Permitted
b96863686,Benjy De Bruin,0942436742,bdelf,mY1<m7a&*7Wu\G,2,Permitted
b53511605,Bobbie Tutin,0951079932,btutinlg,"fU0)2a&.""`guz&",2,Permitted
b86943804,Ofelia Jemmison,0973653481,ojemmisonlh,qE1(XRu6V9hA&ZW,1,Permitted
b95474636,Carilyn Coopland,0903169875,ccooplandli,iP0<}lvTPxwt6ltK,1,Permitted
b81608889,Ansley McCandless,0939065020,amccandlesslj,qT0})\a>>LBA,2,Permitted
b90528820,Allin Dudeney,0928041199,adudeneylk,mV1~Y`>A{Af,2,Permitted
b98812989,Vickie Birds,0921013256,vbirdsll,"tY9(~#,&Mn/SQ79x",2,Permitted
b69549286,Kelsey Vegas,0987202339,kvegaslm,eQ4?4Ae)SF,3,Permitted
b14321976,Chance McKibbin,0948390463,cmckibbinln,oZ1#K\d'IUL,3,Permitted
b64510027,Marty Gomersal,0962851384,mgomersallo,dA2~|4'2w0+s>`uP,2,Permitted
b38316781,Morie Formigli,0973126791,mformiglilp,uC5#R=6?vvHMq4t,1,Permitted
b45965780,Irwinn Toy,0978764368,itoylq,yK4|t_pxT{r@,3,Permitted
b61707516,Stevana Ghiron,0948787877,sghironlr,xD4+V+Gq{K5cJ,2,Permitted
b41733084,Izak Delatour,0969932976,idelatourls,uS5~w%oFfxJHIg,1,Permitted
b86164548,Nikolaos Pardue,0927403559,nparduelt,fN8=+bL2F4rVzwiS,1,Permitted
b66578247,Rosabel Masser,0902777504,rmasserlu,uF2%px8.eM,2,Permitted
b38870486,Carrie Comley,0915630377,ccomleylv,"yQ4.l`wj""",1,Permitted
b52134879,Roth Lampke,0904803882,rlampkelw,gD0_h1?3J&HVvp>Q,2,Permitted
b22675242,Marion Reinbach,0985702685,mreinbachlx,bT1&C8PpE8B,2,Permitted
b58774894,Luther Vanichkin,0966109514,lvanichkinly,rC1`?r1sl`c,1,Permitted
b00594234,Meris Dobbinson,0902840581,mdobbinsonlz,gQ7)ew3bYq,2,Permitted
b12556048,Monique Ruddoch,0992929766,mruddochm0,"tR1},s9ulU",2,Permitted
b12361783,Ramsey Tollerton,0962018940,rtollertonm1,hT3)3422FShb,3,Permitted
b03268839,Murdock Gilberthorpe,0952392071,mgilberthorpem2,aO1!}+!vU,2,Permitted
b50939703,Lil Ferrone,0907567971,lferronem3,"dU1,FYHrx",3,Permitted
b73511690,Arman Ulster,0911399523,aulsterm4,gX0$EOj|EcCNYXxv,2,Permitted
b46996504,Vivyanne Le Breton,0917883272,vlem5,"mT7,6@1J",2,Permitted
b25137092,Jacynth Parsonson,0934751433,jparsonsonm6,sD2>R@A&2nc,1,Permitted
b12660887,Andrei Dundon,0946734058,adundonm7,qH5$g.0PIaF9=jLC,3,Permitted
b35139223,Carmine Tesh,0906959665,cteshm8,wU0+MZGqU+plK,2,Permitted
b21860062,Iolanthe Kiljan,0946633456,ikiljanm9,mJ7<ilym66Z,1,Permitted
b39881868,Leigha Oakenford,0947546598,loakenfordma,"yW1""55LQ8",1,Permitted
b61118283,Sheryl Elijahu,0966509264,selijahumb,"fV0~GI""_!I\k",1,Permitted
b43614254,Gilberta Hassent,0934030695,ghassentmc,kM7!!`*(7,3,Permitted
b14544471,Marlee Dann,0978383885,mdannmd,mA2<+~+p1Mw/?pJl,3,Permitted
b21214487,Ferdinanda Piscotti,0939244462,fpiscottime,vK8=VS/qZ,3,Permitted
b84451742,Torey Mitcheson,0916972514,tmitchesonmf,iX5>>uyEi6HV?yv,2,Permitted
b66626331,Rochell Batha,0905525047,rbathamg,eP1}nMZ5,2,Permitted
b89116950,Ashli Schulz,0979456845,aschulzmh,jL8.pt`W,3,Permitted
b92968724,Farley Illingsworth,0904661948,fillingsworthmi,zQ0*X(\`Wf<,1,Permitted
b51170826,Fairlie Jutson,0934685190,fjutsonmj,zI8&Z/I>,3,Permitted
b79237402,Tonie Bales,0903057604,tbalesmk,aD8%l720D,1,Permitted
b16792883,Cheslie Everal,0946453448,ceveralml,xR3!0/DR,1,Permitted
b78702109,Julina Halling,0925879850,jhallingmm,iA6%#wq>O/l|++y,2,Permitted
b45422652,Marlee Wingeatt,0917506789,mwingeattmn,hG1``%+V!xIq~,3,Permitted
b52993501,Brendan Lown,0961207691,blownmo,qY0.ReWS,3,Permitted
b62344853,Denise Stieger,0977772041,dstiegermp,rM0+.+L@ttbvNtBo,1,Permitted
b49241598,Kirbee Leisk,0975152926,kleiskmq,hV1&!0+g,3,Permitted
b99407089,Dedie Lantuffe,0904079737,dlantuffemr,"hT9+&oQJ,\kl""",3,Permitted
b59754641,Timi Chatainier,0975048649,tchatainierms,"dO3""YGq/0+",2,Permitted
b54206069,Wendy Frusher,0954621928,wfrushermt,sU5#O91h@VOwX,1,Permitted
b77216536,Maxy Quinell,0948796150,mquinellmu,iI6+`1#IFNs,2,Permitted
b86679353,Damaris Sloley,0907390007,dsloleymv,mH1)tCV.RA/,1,Permitted
b33737496,Leonelle Tresler,0971531371,ltreslermw,gQ1)'~v+rmp*m),1,Permitted
b04452719,Kanya Officer,0996794416,kofficermx,hW1(.xIICoil$Vh,2,Permitted
b41959776,Alison Dearnley,0965517451,adearnleymy,fE2=}Izme,2,Permitted
b43577176,Germain Prestland,0911660973,gprestlandmz,zB0._FMUfj+zV*Ms,2,Permitted
b87414501,Maryanna Zoppie,0933677864,mzoppien0,nT9.}{Byx,2,Permitted
b12467242,Grace Bembrigg,0927690093,gbembriggn1,lD5`sk!vIlXw,2,Permitted
b71480359,Aggy Gelling,0901783529,agellingn2,tP7.2P{!FHt0Bc,2,Permitted
b55494484,Nathalia Antowski,0909543376,nantowskin3,zK9%H#leP&$O#{8L,2,Permitted
b96943380,Onofredo Markushkin,0985664058,omarkushkinn4,fI5!n`*qW,2,Permitted
b39863192,Rodie Neasam,0946887836,rneasamn5,hW0%._FW,1,Permitted
b51250415,Barbey Poolman,0927380583,bpoolmann6,"aB5,6iQou",1,Permitted
b32660290,Leonerd Kerner,0959458291,lkernern7,eO5)z{)91L?`9j?,3,Permitted
b95771749,Gordon Van Merwe,0907859901,gvann8,oZ2_oG>{4BpS,2,Permitted
b33101443,Blanca Royse,0981737080,broysen9,gB4.RGmL,1,Permitted
b44370291,Dinnie Lavies,0958727661,dlaviesna,dN8~2uoNz,3,Permitted
b87211945,Eberhard Chadband,0974480148,echadbandnb,"jH5""?#P#C#~",1,Permitted
b63940941,Stefania Muston,0937484771,smustonnc,kI5<<lEB\(VRO6J,2,Permitted
b13958145,Stephanie MacKaig,0947775306,smackaignd,jY4?}O`tVziGBmGc,2,Permitted
b80771418,Evangelina Bakewell,0938703918,ebakewellne,zY5'FPV{>#}j,3,Permitted
b63626659,Thornie Champain,0973861240,tchampainnf,bQ4!TbgOi,2,Permitted
b90552057,Nicholle Potkins,0983584462,npotkinsng,hQ5%xm~ywABq2,2,Permitted
b62686512,Giorgi Sweatland,0962391823,gsweatlandnh,oH4/n(KOLDJ,2,Permitted
b69772256,Petronella Darbey,0985456380,pdarbeyni,cD6*Fu$oE5p,2,Permitted
b82190673,Gerri Firk,0943270971,gfirknj,"yY8*)2zl&$gQx""",3,Permitted
b80550041,Carlina Hallam,0906724202,challamnk,uW5_5)!{4z1,2,Permitted
b52425359,Danie MacKeever,0954509894,dmackeevernl,cZ1}9cI@+,3,Permitted
b22202917,Nyssa Binton,0994943052,nbintonnm,vE5!Ty.ws,3,Permitted
b17197340,Brenna Yemm,0923229960,byemmnn,sM0?(CR62wRj1},3,Permitted
b06412747,Carmine MacGregor,0916875038,cmacgregorno,zQ3}6k#o)rW!f1,1,Permitted
b18102132,Lebbie Francis,0969670337,lfrancisnp,uZ7/1'_)T,3,Permitted
b80498375,Nikolai Housin,0923947442,nhousinnq,aM8%(1sSE,1,Permitted
b70457172,Con Scheffel,0937381313,cscheffelnr,pZ9%{iLlQ,2,Permitted
b00882370,Alexine Lante,0941203077,alantens,zA0`Ex4yG0q,3,Permitted
b03326241,Hilly Bog,0997382245,hbognt,yA8)*+k0oS,2,Permitted
b36283130,Eartha Wilby,0976000865,ewilbynu,aR9}?3|F!GAzKWD,1,Permitted
b53310862,Elsie Rotherforth,0919277249,erotherforthnv,lJ3#(vI5rs3VQUQC,1,Permitted
b13929104,Stefanie Gethouse,0918752898,sgethousenw,eH5'*F{?'#IW9.,1,Permitted
b40158428,Issiah Brookes,0991775367,ibrookesnx,hM8/>ZQqKE3G(,2,Permitted
b53107016,Angelle Beavis,0985926223,abeavisny,lC9*dlr~,2,Permitted
b16750101,Kippar Dobbings,0924869491,kdobbingsnz,zY6)Y!B7vZ,2,Permitted
b17369704,Wells Kindred,0994050954,wkindredo0,uV0'8)IN,2,Permitted
b34569728,Merwin Trevan,0945472431,mtrevano1,"rW2.MAL,cj276Uy6",3,Permitted
b58425610,Lenore Nutbeem,0915693851,lnutbeemo2,zI5)i=3yupf,2,Permitted
b89917110,Bettine Attawell,0986773877,battawello3,zD9\W%f~YBS,2,Permitted
b81253514,Kelwin Huxstep,0915401107,khuxstepo4,dJ6*N!Jd(v,2,Permitted
b43466842,Tommy Eason,0921414703,teasono5,"nZ8{Dk,<r>o",1,Permitted
b47977234,Alyse Jalland,0939593105,ajallando6,rU7}CQ4FFd{5ne7,1,Permitted
b36846984,Emmy Foy,0925258399,efoyo7,xJ5__$Fv~(,3,Permitted
b42688983,Margarete Gilbard,0979617637,mgilbardo8,"aI0,#zn0fD0y",3,Permitted
b85164848,Carlos Goodin,0963574328,cgoodino9,lS0%m5fg=N2LWY,3,Permitted
b81452516,Thorny Grasser,0975887866,tgrasseroa,oQ4*G(M1)Fo,1,Permitted
b14658773,Lauretta Rickarsey,0977145634,lrickarseyob,hK3<TK}Bx{@,1,Permitted
b48276039,Dalila Chatel,0972506956,dchateloc,aD0_}N}_$(Xx,2,Permitted
b32632582,Mikaela Terrington,0978286063,mterringtonod,"yV9""mz.{",3,Permitted
b98253714,Rosella Thewys,0969510975,rthewysoe,gX0}<I6#&XGq,1,Permitted
b69737042,Jobina Biaggioli,0984985745,jbiaggioliof,"lX2&_Q|3s$k?&|,%",3,Permitted
b12109177,Hebert Lunn,0985142178,hlunnog,"mZ9)jnd,x87`",3,Permitted
b50193730,Dana Lanaway,0998784974,dlanawayoh,cA4`PcUde!C~,2,Permitted
b47547181,Esme Stichel,0909499328,esticheloi,lR3(7?<+6I,3,Permitted
b06194837,Lizabeth Fidge,0989366591,lfidgeoj,rV5*DirW,3,Permitted
b45425410,Micheil Brightling,0978550469,mbrightlingok,"rZ5+C,g{""I",2,Permitted
b14459136,Northrop Patchett,0926769378,npatchettol,"xU2,,GM,",2,Permitted
b86701880,Ryley Rodenborch,0906104999,rrodenborchom,lR3*UN_r{P,1,Permitted
b82626839,Franny Gwalter,0913073251,fgwalteron,iD6}G?)4+s,3,Permitted
b80383420,Dirk MacCaughen,0992312748,dmaccaughenoo,tN6&CfS=,3,Permitted
b17668448,Cordy Camble,0987755126,ccambleop,bT9*$|7U,1,Permitted
b51442708,Martica McGilvray,0967140687,mmcgilvrayoq,hO9|L)4N}eo{,3,Permitted
b57218207,Kingston Othick,0965407001,kothickor,"tP1%'y,K",3,Permitted
b60579178,Claire Werrett,0908451128,cwerrettos,"qI8@E.)l1""s&s_4q",3,Permitted
b54731839,Eustacia Otterwell,0977181450,eotterwellot,"tO3_P""""8I.B2",3,Permitted
b46157024,Kamila Palumbo,0954693452,kpalumboou,"xC0),~HZ)'dxST",3,Permitted
b08698972,Lorianna Sibthorp,0959167785,lsibthorpov,oG5?fxrC9/4$@Q,2,Permitted
b19493761,Selby Tittletross,0908591552,stittletrossow,gV4%Q$rn,3,Permitted
b47237772,Thorndike Jaquemar,0952180051,tjaquemarox,jR8!Zw{7AL,2,Permitted
b67162804,Jonell Vasenkov,0923138091,jvasenkovoy,oL0??%ko,3,Permitted
b43824724,Ileane Northfield,0963487632,inorthfieldoz,uI9.@Es<#cchv),1,Permitted
b68178239,Bird Wilman,0916304455,bwilmanp0,uA7$qzW13f,1,Permitted
b15728629,Marin Duester,0977692097,mduesterp1,hB9@ik8I!{#f/J,3,Permitted
b16293164,Baillie Morrad,0911192239,bmorradp2,iM0~H8K_q,1,Permitted
b61248693,Letisha Fear,0964002312,lfearp3,xC7_$DzMY,3,Permitted
b36441247,Sapphira Alexsandrov,0979656657,salexsandrovp4,oA3)Qg)UzBK,3,Permitted
b67793660,Ariadne Doswell,0963907397,adoswellp5,nJ2{$B}OOE?,1,Permitted
b05404138,Urbanus Keitch,0936045879,ukeitchp6,jP7{Ne|2v`KoJ,2,Permitted
b85266946,Diego Hercules,0982796191,dherculesp7,kD4!|Ua2&i4_P,1,Permitted
b33240020,Adriana Lardez,0906196949,alardezp8,wD4\oW5/>F,3,Permitted
b97485651,Giraldo McTear,0927939252,gmctearp9,cA9&G|.X_J!r),2,Permitted
b67978194,Dario De Cristofalo,0958092049,ddepa,aR1&WrFZw,3,Permitted
b94942851,Sanderson Muspratt,0936844260,smusprattpb,hZ4*mfitiz%m`,3,Permitted
b22255830,Gwenora Etridge,0955170094,getridgepc,uO1(KS&tRzSDDm),3,Permitted
b06850649,Elladine Matisse,0925078081,ematissepd,oU4/vlb0X`*5~x?,2,Permitted
b31676288,Shem Braiden,0967372448,sbraidenpe,vM4_ey&ZT\`1bB/,1,Permitted
b17265812,Etta MacNockater,0973130987,emacnockaterpf,uA6.h`=Ey,1,Permitted
b77282723,Leslie Sisse,0941771361,lsissepg,sU7+H#+s,3,Permitted
b52998565,Giana Densumbe,0945273284,gdensumbeph,jI8.7P@TQPFv*,2,Permitted
b73718691,Jakie Corradi,0912216219,jcorradipi,uQ3!TyBAbjAt4u,2,Permitted
b94580334,Raquela Applin,0944006310,rapplinpj,"qT0)XF!!D`Z""1.3",3,Permitted
b45674231,Charles Showl,0959906418,cshowlpk,"bW5,"">8>~*",3,Permitted
b82671531,Whitney Arendt,0911824860,warendtpl,gZ8#{y6y./9,3,Permitted
b13962762,Vanny Orriss,0937030036,vorrisspm,aP3|J+F'>\O'},1,Permitted
b14634677,Georgeta Iashvili,0936928874,giashvilipn,kM3)gkZxnyl,2,Permitted
b42866595,Pablo Godspeede,0985294731,pgodspeedepo,"hS2""M7HD",1,Permitted
b55261865,Charlton Cromb,0955544062,ccrombpp,"jC4,HZb8DR?HE1",3,Permitted
b40456075,Maisie Mathelin,0954342467,mmathelinpq,hA6{ZPR|XP10qO3,3,Permitted
b95993281,Dulcie Kneesha,0954589490,dkneeshapr,fS6/O!#phT+&h,3,Permitted
b20457563,Muffin Rakestraw,0957512846,mrakestrawps,gP3#hoJZZmXy>={,1,Permitted
b93375277,Nanette Stroyan,0922077953,nstroyanpt,aS4><m8=L,1,Permitted
b33494271,Chantal Bassam,0977861654,cbassampu,"gL2$,73(&&M",2,Permitted
b65152667,Rosalinda Burker,0959686106,rburkerpv,lO7/MK~5<1>+,2,Permitted
b44830947,Antin Ivanchov,0942556457,aivanchovpw,aV2~yvYJumV&5k&6,1,Permitted
b18865384,Niel Zannutti,0983659935,nzannuttipx,yP5`V{mw_V.IRI+,3,Permitted
b38412786,Emlen Pentlow,0963735358,epentlowpy,qR7{u78wINJ*c{$,2,Permitted
b96230301,Lilith Gaynsford,0936124605,lgaynsfordpz,"mE7'""n7I7",3,Permitted
b17878092,Locke Tillerton,0907815118,ltillertonq0,tQ0}<(m4VJ,3,Permitted
b37966425,Melly Horning,0955696551,mhorningq1,nF2&a_0'H,1,Permitted
b09572571,Whitaker Rowan,0963331496,wrowanq2,qN3+\$>O,1,Permitted
b62137461,Will Abrahamovitz,0978274302,wabrahamovitzq3,iZ6+CA@<,1,Permitted
b24991067,Kyla Delieu,0978198920,kdelieuq4,nU6#@iAh.,1,Permitted
b57196513,Inglebert Rankling,0948429759,iranklingq5,mK9||{{E}i4u,3,Permitted
b49329319,Christalle McKennan,0999552891,cmckennanq6,"mW1)SHfi""XN<@",3,Permitted
b80385777,Godard Parzis,0951986002,gparzisq7,"aW7""c0rRSp~)Qh4",3,Permitted
b41897192,Ferguson Corby,0945833354,fcorbyq8,cC0=#6=E,3,Permitted
b16374581,Kristos Apdell,0953993144,kapdellq9,gL0+7rl/pEMsp~UL,1,Permitted
b53110510,Marybeth Darrach,0968040943,mdarrachqa,iB1(E(`NVc6.}Lq,2,Permitted
b38389368,Yoshiko Borsi,0991989478,yborsiqb,"eN1$MrUSFF1L,B,f",1,Permitted
b94434687,Isidro Abotson,0961216858,iabotsonqc,fL4?(_#<,1,Permitted
b43186865,Joaquin McLorinan,0981686146,jmclorinanqd,gY0&9?R!Y}snIX*Q,2,Permitted
b57893792,Boone Ferrie,0984972670,bferrieqe,mY0$ngdc<Qd3~D%\,1,Permitted
b14246525,Wrennie Vassel,0943759353,wvasselqf,nR9=oD<v1H$OHE+,3,Permitted
b72894417,Filbert Naerup,0979940339,fnaerupqg,"hJ1""'Jcizo",1,Permitted
b04479409,Alf Sadry,0903053841,asadryqh,mO1'B|6Wc'_,1,Permitted
b52356992,Cyndia Ledgerton,0985067260,cledgertonqi,qF1+4=uv9Tp=jC,2,Permitted
b03417620,Faydra Whitloe,0974212666,fwhitloeqj,oG1`fp_)HW$@,2,Permitted
b41756015,Napoleon Howen,0937083199,nhowenqk,sS2#u$WR,3,Permitted
b72121388,Sabrina Seif,0941013072,sseifql,hF5|\B?VOa),3,Permitted
b60697750,Carma Gilpin,0985350982,cgilpinqm,hA3_%@Cd,2,Permitted
b72964007,Fanni Bracci,0992815970,fbracciqn,lZ2=>>ZY#,3,Permitted
b22280011,Tara Priel,0919849518,tprielqo,"mL3%L*9qAbG1Z,R",2,Permitted
b91541037,Angie Lasham,0924808793,alashamqp,yF1_Idi{,2,Permitted
b77250414,Luigi Brazener,0914761289,lbrazenerqq,zU4`Fuce0,1,Permitted
b54461374,Son Tuffley,0958663766,stuffleyqr,aU2?zo2k*'VLFsfB,3,Permitted
b64427376,Georgette Mattedi,0999237872,gmattediqs,dE3?\\7NC0L&,2,Permitted
b00314308,Mirabella Calveley,0914524613,mcalveleyqt,nJ7/0rC$',2,Permitted
b93152811,Blaire Cowden,0913626635,bcowdenqu,xX8@/`mM|\jR*=,3,Permitted
b24292579,Rog Jeckells,0962171740,rjeckellsqv,jB6$kc\)wXQ|,2,Permitted
b29422281,Isahella Fernant,0932677815,ifernantqw,"sV1""Uc#!`E?3e>",3,Permitted
b97134534,Naomi Dewfall,0999701058,ndewfallqx,oK4(y!EtG*Ekai,2,Permitted
b91700723,Marshall Loyley,0979132174,mloyleyqy,hI0@)~eDjMHP48,2,Permitted
b39845038,Ninetta Hrinchishin,0912535481,nhrinchishinqz,"rQ3=WA},#~",2,Permitted
b81788159,Lydia Brundale,0964433346,lbrundaler0,oK2`iRM(U8urrLa,2,Permitted
b05694996,Neils Dooland,0981804199,ndoolandr1,yT1+*/9WpdI,3,Permitted
b75576602,Stephana Smithend,0902140251,ssmithendr2,cG9'azSnG(s,3,Permitted
b49582421,Dunc Buttrum,0907763083,dbuttrumr3,yZ9#ok'W>lHfT,3,Permitted
b93791327,Alley Tomaini,0952447117,atomainir4,dG1`%5HAJyj{,3,Permitted
b65300594,Aimil Damp,0913223794,adampr5,"vK2{<{e,1",2,Permitted
b25670760,Pauletta Mathey,0951640037,pmatheyr6,"zN0)<OWiA={S17""",3,Permitted
b62769993,Reamonn Thing,0938169122,rthingr7,zD3..N5`Fdt!e|,1,Permitted
b58249572,Latia Roels,0923959604,lroelsr8,"qJ7|/(w{,CD""}\}",3,Permitted
b51352900,Annelise Gellibrand,0946667866,agellibrandr9,"iK3{\%""mH",2,Permitted
b40681524,Waylan Lerer,0965158903,wlererra,sF0|H+aZu,2,Permitted
b04993146,Elsy Daft,0918216991,edaftrb,hM8*1d7n{Z6WNLJ1,1,Permitted
b08837230,Falkner Savin,0926531813,fsavinrc,"sP5/3gUx,",1,Permitted
b69962126,Auroora Bromell,0913128835,abromellrd,wE1*m>a(wg%&&hS,3,Permitted
b91548555,Fairleigh Hincham,0998962447,fhinchamre,"rC6_U,|cQ",1,Permitted
b24811900,Elijah Pechacek,0953952677,epechacekrf,lU4`)*UeU,2,Permitted
b25289716,Queenie D'Ugo,0975211123,qdugorg,kB9{IQ.FI&,3,Permitted
b86861158,Moise Vaughan,0998266186,mvaughanrh,"mZ1,@qgC""HERRVMZ",1,Permitted
b48201458,Nina Barnes,0977885886,nbarnesri,lZ9`ASHs~N53KhY,1,Permitted
b67797261,Burke Dellow,0988277692,bdellowrj,xC3_JEsM@Uu,2,Permitted
b88579389,Homerus Veck,0968854785,hveckrk,aQ3$6~>zAdQ?27Q,2,Permitted
b20147533,Etta Lidstone,0934111777,elidstonerl,yU2$+xS#,2,Permitted
b63578699,Zita Kollach,0974590007,zkollachrm,"lS9|&=T""c\+p,}N",2,Permitted
b18696017,Shelia Giannazzo,0912197714,sgiannazzorn,yW0`VSFP,3,Permitted
b84229052,Wilden Aitchinson,0952028947,waitchinsonro,eH7!tHQJWR,2,Permitted
b29704115,Neron Thomas,0986082510,nthomasrp,xP8(hkH`,2,Permitted
b84714520,Danila Jaffa,0908333557,djaffarq,qE7'g|}.6C.m3,3,Permitted
b97109349,Nikolai Whitwham,0965821564,nwhitwhamrr,vC8>Gck~,2,Permitted
